STATE,SHOW,UNIT,TIME
    NORM,623,       PPM,23/05/2023 21:45
    NORM,641,       PPM,23/05/2023 21:46
    NORM,606,       PPM,23/05/2023 21:46
    NORM,600,       PPM,23/05/2023 21:47
    NORM,599,       PPM,23/05/2023 21:47
    NORM,597,       PPM,23/05/2023 21:48
    NORM,599,       PPM,23/05/2023 21:48
    NORM,600,       PPM,23/05/2023 21:49
    NORM,597,       PPM,23/05/2023 21:49
    NORM,599,       PPM,23/05/2023 21:50
    NORM,597,       PPM,23/05/2023 21:50
    NORM,595,       PPM,23/05/2023 21:51
    NORM,596,       PPM,23/05/2023 21:51
    NORM,595,       PPM,23/05/2023 21:52
    NORM,593,       PPM,23/05/2023 21:52
    NORM,595,       PPM,23/05/2023 21:53
    NORM,596,       PPM,23/05/2023 21:53
    NORM,596,       PPM,23/05/2023 21:54
    NORM,598,       PPM,23/05/2023 21:54
    NORM,597,       PPM,23/05/2023 21:55
    NORM,596,       PPM,23/05/2023 21:55
    NORM,599,       PPM,23/05/2023 21:56
    NORM,599,       PPM,23/05/2023 21:56
    NORM,601,       PPM,23/05/2023 21:57
    NORM,602,       PPM,23/05/2023 21:57
    NORM,601,       PPM,23/05/2023 21:58
    NORM,605,       PPM,23/05/2023 21:59
    NORM,606,       PPM,23/05/2023 21:59
    NORM,603,       PPM,23/05/2023 22:00
    NORM,602,       PPM,23/05/2023 22:00
    NORM,604,       PPM,23/05/2023 22:01
    NORM,603,       PPM,23/05/2023 22:01
    NORM,601,       PPM,23/05/2023 22:02
    NORM,603,       PPM,23/05/2023 22:02
    NORM,600,       PPM,23/05/2023 22:03
    NORM,602,       PPM,23/05/2023 22:03
    NORM,601,       PPM,23/05/2023 22:04
    NORM,603,       PPM,23/05/2023 22:04
    NORM,601,       PPM,23/05/2023 22:05
    NORM,600,       PPM,23/05/2023 22:05
    NORM,603,       PPM,23/05/2023 22:06
    NORM,601,       PPM,23/05/2023 22:06
    NORM,601,       PPM,23/05/2023 22:07
    NORM,599,       PPM,23/05/2023 22:07
    NORM,600,       PPM,23/05/2023 22:08
    NORM,603,       PPM,23/05/2023 22:08
    NORM,604,       PPM,23/05/2023 22:09
    NORM,608,       PPM,23/05/2023 22:09
    NORM,613,       PPM,23/05/2023 22:10
    NORM,608,       PPM,23/05/2023 22:10
    NORM,610,       PPM,23/05/2023 22:11
    NORM,604,       PPM,23/05/2023 22:11
    NORM,607,       PPM,23/05/2023 22:12
    NORM,605,       PPM,23/05/2023 22:12
    NORM,602,       PPM,23/05/2023 22:13
    NORM,604,       PPM,23/05/2023 22:14
    NORM,603,       PPM,23/05/2023 22:14
    NORM,605,       PPM,23/05/2023 22:15
    NORM,607,       PPM,23/05/2023 22:15
    NORM,601,       PPM,23/05/2023 22:16
    NORM,599,       PPM,23/05/2023 22:16
    NORM,598,       PPM,23/05/2023 22:17
    NORM,595,       PPM,23/05/2023 22:17
    NORM,600,       PPM,23/05/2023 22:18
    NORM,604,       PPM,23/05/2023 22:18
    NORM,604,       PPM,23/05/2023 22:19
    NORM,600,       PPM,23/05/2023 22:19
    NORM,606,       PPM,23/05/2023 22:20
    NORM,606,       PPM,23/05/2023 22:20
    NORM,601,       PPM,23/05/2023 22:21
    NORM,596,       PPM,23/05/2023 22:21
    NORM,597,       PPM,23/05/2023 22:22
    NORM,599,       PPM,23/05/2023 22:22
    NORM,598,       PPM,23/05/2023 22:23
    NORM,601,       PPM,23/05/2023 22:23
    NORM,596,       PPM,23/05/2023 22:24
    NORM,601,       PPM,23/05/2023 22:24
    NORM,602,       PPM,23/05/2023 22:25
    NORM,602,       PPM,23/05/2023 22:25
    NORM,604,       PPM,23/05/2023 22:26
    NORM,605,       PPM,23/05/2023 22:26
    NORM,599,       PPM,23/05/2023 22:27
    NORM,597,       PPM,23/05/2023 22:27
    NORM,600,       PPM,23/05/2023 22:28
    NORM,606,       PPM,23/05/2023 22:28
    NORM,605,       PPM,23/05/2023 22:29
    NORM,607,       PPM,23/05/2023 22:30
    NORM,612,       PPM,23/05/2023 22:30
    NORM,612,       PPM,23/05/2023 22:31
    NORM,605,       PPM,23/05/2023 22:31
    NORM,603,       PPM,23/05/2023 22:32
    NORM,603,       PPM,23/05/2023 22:32
    NORM,607,       PPM,23/05/2023 22:33
    NORM,606,       PPM,23/05/2023 22:33
    NORM,603,       PPM,23/05/2023 22:34
    NORM,620,       PPM,23/05/2023 22:34
    NORM,627,       PPM,23/05/2023 22:35
    NORM,607,       PPM,23/05/2023 22:35
    NORM,608,       PPM,23/05/2023 22:36
    NORM,608,       PPM,23/05/2023 22:36
    NORM,605,       PPM,23/05/2023 22:37
    NORM,609,       PPM,23/05/2023 22:37
    NORM,604,       PPM,23/05/2023 22:38
    NORM,613,       PPM,23/05/2023 22:38
    NORM,611,       PPM,23/05/2023 22:39
    NORM,604,       PPM,23/05/2023 22:39
    NORM,608,       PPM,23/05/2023 22:40
    NORM,602,       PPM,23/05/2023 22:40
    NORM,603,       PPM,23/05/2023 22:41
    NORM,603,       PPM,23/05/2023 22:41
    NORM,600,       PPM,23/05/2023 22:42
    NORM,598,       PPM,23/05/2023 22:42
    NORM,600,       PPM,23/05/2023 22:43
    NORM,609,       PPM,23/05/2023 22:43
    NORM,607,       PPM,23/05/2023 22:44
    NORM,607,       PPM,23/05/2023 22:45
    NORM,611,       PPM,23/05/2023 22:45
    NORM,610,       PPM,23/05/2023 22:46
    NORM,607,       PPM,23/05/2023 22:46
    NORM,613,       PPM,23/05/2023 22:47
    NORM,613,       PPM,23/05/2023 22:47
    NORM,607,       PPM,23/05/2023 22:48
    NORM,603,       PPM,23/05/2023 22:48
    NORM,602,       PPM,23/05/2023 22:49
    NORM,605,       PPM,23/05/2023 22:49
    NORM,604,       PPM,23/05/2023 22:50
    NORM,606,       PPM,23/05/2023 22:50
    NORM,613,       PPM,23/05/2023 22:51
    NORM,620,       PPM,23/05/2023 22:51
    NORM,615,       PPM,23/05/2023 22:52
    NORM,612,       PPM,23/05/2023 22:52
    NORM,612,       PPM,23/05/2023 22:53
    NORM,610,       PPM,23/05/2023 22:53
    NORM,614,       PPM,23/05/2023 22:54
    NORM,611,       PPM,23/05/2023 22:54
    NORM,609,       PPM,23/05/2023 22:55
    NORM,610,       PPM,23/05/2023 22:55
    NORM,611,       PPM,23/05/2023 22:56
    NORM,608,       PPM,23/05/2023 22:56
    NORM,605,       PPM,23/05/2023 22:57
    NORM,604,       PPM,23/05/2023 22:57
    NORM,602,       PPM,23/05/2023 22:58
    NORM,599,       PPM,23/05/2023 22:58
    NORM,602,       PPM,23/05/2023 22:59
    NORM,606,       PPM,23/05/2023 22:59
    NORM,607,       PPM,23/05/2023 23:00
    NORM,608,       PPM,23/05/2023 23:01
    NORM,606,       PPM,23/05/2023 23:01
    NORM,608,       PPM,23/05/2023 23:02
    NORM,606,       PPM,23/05/2023 23:02
    NORM,600,       PPM,23/05/2023 23:03
    NORM,599,       PPM,23/05/2023 23:03
    NORM,598,       PPM,23/05/2023 23:04
    NORM,602,       PPM,23/05/2023 23:04
    NORM,603,       PPM,23/05/2023 23:05
    NORM,604,       PPM,23/05/2023 23:05
    NORM,599,       PPM,23/05/2023 23:06
    NORM,599,       PPM,23/05/2023 23:06
    NORM,602,       PPM,23/05/2023 23:07
    NORM,602,       PPM,23/05/2023 23:07
    NORM,601,       PPM,23/05/2023 23:08
    NORM,604,       PPM,23/05/2023 23:08
    NORM,605,       PPM,23/05/2023 23:09
    NORM,604,       PPM,23/05/2023 23:09
    NORM,605,       PPM,23/05/2023 23:10
    NORM,613,       PPM,23/05/2023 23:10
    NORM,618,       PPM,23/05/2023 23:11
    NORM,612,       PPM,23/05/2023 23:11
    NORM,607,       PPM,23/05/2023 23:12
    NORM,603,       PPM,23/05/2023 23:12
    NORM,602,       PPM,23/05/2023 23:13
    NORM,600,       PPM,23/05/2023 23:13
    NORM,600,       PPM,23/05/2023 23:14
    NORM,600,       PPM,23/05/2023 23:14
    NORM,602,       PPM,23/05/2023 23:15
    NORM,601,       PPM,23/05/2023 23:16
    NORM,604,       PPM,23/05/2023 23:16
    NORM,603,       PPM,23/05/2023 23:17
    NORM,603,       PPM,23/05/2023 23:17
    NORM,603,       PPM,23/05/2023 23:18
    NORM,598,       PPM,23/05/2023 23:18
    NORM,600,       PPM,23/05/2023 23:19
    NORM,599,       PPM,23/05/2023 23:19
    NORM,600,       PPM,23/05/2023 23:20
    NORM,599,       PPM,23/05/2023 23:20
    NORM,600,       PPM,23/05/2023 23:21
    NORM,597,       PPM,23/05/2023 23:21
    NORM,599,       PPM,23/05/2023 23:22
    NORM,600,       PPM,23/05/2023 23:22
    NORM,597,       PPM,23/05/2023 23:23
    NORM,600,       PPM,23/05/2023 23:23
    NORM,601,       PPM,23/05/2023 23:24
    NORM,607,       PPM,23/05/2023 23:24
    NORM,612,       PPM,23/05/2023 23:25
    NORM,618,       PPM,23/05/2023 23:25
    NORM,618,       PPM,23/05/2023 23:26
    NORM,617,       PPM,23/05/2023 23:26
    NORM,620,       PPM,23/05/2023 23:27
    NORM,623,       PPM,23/05/2023 23:27
    NORM,620,       PPM,23/05/2023 23:28
    NORM,613,       PPM,23/05/2023 23:28
    NORM,611,       PPM,23/05/2023 23:29
    NORM,611,       PPM,23/05/2023 23:29
    NORM,619,       PPM,23/05/2023 23:30
    NORM,616,       PPM,23/05/2023 23:31
    NORM,615,       PPM,23/05/2023 23:31
    NORM,630,       PPM,23/05/2023 23:32
    NORM,627,       PPM,23/05/2023 23:32
    NORM,616,       PPM,23/05/2023 23:33
    NORM,608,       PPM,23/05/2023 23:33
    NORM,607,       PPM,23/05/2023 23:34
    NORM,609,       PPM,23/05/2023 23:34
    NORM,610,       PPM,23/05/2023 23:35
    NORM,605,       PPM,23/05/2023 23:35
    NORM,608,       PPM,23/05/2023 23:36
    NORM,608,       PPM,23/05/2023 23:36
    NORM,606,       PPM,23/05/2023 23:37
    NORM,605,       PPM,23/05/2023 23:37
    NORM,608,       PPM,23/05/2023 23:38
    NORM,615,       PPM,23/05/2023 23:38
    NORM,610,       PPM,23/05/2023 23:39
    NORM,604,       PPM,23/05/2023 23:39
    NORM,605,       PPM,23/05/2023 23:40
    NORM,606,       PPM,23/05/2023 23:40
    NORM,601,       PPM,23/05/2023 23:41
    NORM,601,       PPM,23/05/2023 23:41
    NORM,602,       PPM,23/05/2023 23:42
    NORM,604,       PPM,23/05/2023 23:42
    NORM,607,       PPM,23/05/2023 23:43
    NORM,606,       PPM,23/05/2023 23:43
    NORM,610,       PPM,23/05/2023 23:44
    NORM,615,       PPM,23/05/2023 23:44
    NORM,616,       PPM,23/05/2023 23:45
    NORM,618,       PPM,23/05/2023 23:45
    NORM,615,       PPM,23/05/2023 23:46
    NORM,618,       PPM,23/05/2023 23:47
    NORM,618,       PPM,23/05/2023 23:47
    NORM,619,       PPM,23/05/2023 23:48
    NORM,620,       PPM,23/05/2023 23:48
    NORM,619,       PPM,23/05/2023 23:49
    NORM,616,       PPM,23/05/2023 23:49
    NORM,621,       PPM,23/05/2023 23:50
    NORM,620,       PPM,23/05/2023 23:50
    NORM,620,       PPM,23/05/2023 23:51
    NORM,624,       PPM,23/05/2023 23:51
    NORM,629,       PPM,23/05/2023 23:52
    NORM,624,       PPM,23/05/2023 23:52
    NORM,625,       PPM,23/05/2023 23:53
    NORM,622,       PPM,23/05/2023 23:53
    NORM,618,       PPM,23/05/2023 23:54
    NORM,616,       PPM,23/05/2023 23:54
    NORM,613,       PPM,23/05/2023 23:55
    NORM,608,       PPM,23/05/2023 23:55
    NORM,604,       PPM,23/05/2023 23:56
    NORM,603,       PPM,23/05/2023 23:56
    NORM,604,       PPM,23/05/2023 23:57
    NORM,601,       PPM,23/05/2023 23:57
    NORM,603,       PPM,23/05/2023 23:58
    NORM,606,       PPM,23/05/2023 23:58
    NORM,608,       PPM,23/05/2023 23:59
    NORM,611,       PPM,23/05/2023 23:59
    NORM,612,       PPM,24/05/2023 00:00
    NORM,608,       PPM,24/05/2023 00:00
    NORM,607,       PPM,24/05/2023 00:01
    NORM,608,       PPM,24/05/2023 00:02
    NORM,612,       PPM,24/05/2023 00:02
    NORM,613,       PPM,24/05/2023 00:03
    NORM,609,       PPM,24/05/2023 00:03
    NORM,613,       PPM,24/05/2023 00:04
    NORM,613,       PPM,24/05/2023 00:04
    NORM,611,       PPM,24/05/2023 00:05
    NORM,610,       PPM,24/05/2023 00:05
    NORM,610,       PPM,24/05/2023 00:06
    NORM,608,       PPM,24/05/2023 00:06
    NORM,608,       PPM,24/05/2023 00:07
    NORM,610,       PPM,24/05/2023 00:07
    NORM,605,       PPM,24/05/2023 00:08
    NORM,604,       PPM,24/05/2023 00:08
    NORM,603,       PPM,24/05/2023 00:09
    NORM,607,       PPM,24/05/2023 00:09
    NORM,611,       PPM,24/05/2023 00:10
    NORM,614,       PPM,24/05/2023 00:10
    NORM,609,       PPM,24/05/2023 00:11
    NORM,607,       PPM,24/05/2023 00:11
    NORM,606,       PPM,24/05/2023 00:12
    NORM,608,       PPM,24/05/2023 00:12
    NORM,616,       PPM,24/05/2023 00:13
    NORM,618,       PPM,24/05/2023 00:13
    NORM,613,       PPM,24/05/2023 00:14
    NORM,611,       PPM,24/05/2023 00:14
    NORM,613,       PPM,24/05/2023 00:15
    NORM,612,       PPM,24/05/2023 00:15
    NORM,613,       PPM,24/05/2023 00:16
    NORM,611,       PPM,24/05/2023 00:16
    NORM,618,       PPM,24/05/2023 00:17
    NORM,611,       PPM,24/05/2023 00:18
    NORM,606,       PPM,24/05/2023 00:18
    NORM,606,       PPM,24/05/2023 00:19
    NORM,607,       PPM,24/05/2023 00:19
    NORM,608,       PPM,24/05/2023 00:20
    NORM,607,       PPM,24/05/2023 00:20
    NORM,610,       PPM,24/05/2023 00:21
    NORM,610,       PPM,24/05/2023 00:21
    NORM,609,       PPM,24/05/2023 00:22
    NORM,606,       PPM,24/05/2023 00:22
    NORM,604,       PPM,24/05/2023 00:23
    NORM,605,       PPM,24/05/2023 00:23
    NORM,603,       PPM,24/05/2023 00:24
    NORM,605,       PPM,24/05/2023 00:24
    NORM,604,       PPM,24/05/2023 00:25
    NORM,603,       PPM,24/05/2023 00:25
    NORM,607,       PPM,24/05/2023 00:26
    NORM,608,       PPM,24/05/2023 00:26
    NORM,600,       PPM,24/05/2023 00:27
    NORM,603,       PPM,24/05/2023 00:27
    NORM,604,       PPM,24/05/2023 00:28
    NORM,605,       PPM,24/05/2023 00:28
    NORM,605,       PPM,24/05/2023 00:29
    NORM,602,       PPM,24/05/2023 00:29
    NORM,600,       PPM,24/05/2023 00:30
    NORM,605,       PPM,24/05/2023 00:30
    NORM,604,       PPM,24/05/2023 00:31
    NORM,603,       PPM,24/05/2023 00:31
    NORM,599,       PPM,24/05/2023 00:32
    NORM,603,       PPM,24/05/2023 00:33
    NORM,605,       PPM,24/05/2023 00:33
    NORM,604,       PPM,24/05/2023 00:34
    NORM,602,       PPM,24/05/2023 00:34
    NORM,602,       PPM,24/05/2023 00:35
    NORM,600,       PPM,24/05/2023 00:35
    NORM,600,       PPM,24/05/2023 00:36
    NORM,600,       PPM,24/05/2023 00:36
    NORM,601,       PPM,24/05/2023 00:37
    NORM,601,       PPM,24/05/2023 00:37
    NORM,602,       PPM,24/05/2023 00:38
    NORM,606,       PPM,24/05/2023 00:38
    NORM,604,       PPM,24/05/2023 00:39
    NORM,600,       PPM,24/05/2023 00:39
    NORM,600,       PPM,24/05/2023 00:40
    NORM,599,       PPM,24/05/2023 00:40
    NORM,603,       PPM,24/05/2023 00:41
    NORM,603,       PPM,24/05/2023 00:41
    NORM,602,       PPM,24/05/2023 00:42
    NORM,602,       PPM,24/05/2023 00:42
    NORM,601,       PPM,24/05/2023 00:43
    NORM,603,       PPM,24/05/2023 00:43
    NORM,601,       PPM,24/05/2023 00:44
    NORM,602,       PPM,24/05/2023 00:44
    NORM,600,       PPM,24/05/2023 00:45
    NORM,604,       PPM,24/05/2023 00:45
    NORM,608,       PPM,24/05/2023 00:46
    NORM,609,       PPM,24/05/2023 00:46
    NORM,606,       PPM,24/05/2023 00:47
    NORM,606,       PPM,24/05/2023 00:47
    NORM,603,       PPM,24/05/2023 00:48
    NORM,600,       PPM,24/05/2023 00:49
    NORM,596,       PPM,24/05/2023 00:49
    NORM,597,       PPM,24/05/2023 00:50
    NORM,599,       PPM,24/05/2023 00:50
    NORM,604,       PPM,24/05/2023 00:51
    NORM,603,       PPM,24/05/2023 00:51
    NORM,602,       PPM,24/05/2023 00:52
    NORM,605,       PPM,24/05/2023 00:52
    NORM,604,       PPM,24/05/2023 00:53
    NORM,606,       PPM,24/05/2023 00:53
    NORM,604,       PPM,24/05/2023 00:54
    NORM,602,       PPM,24/05/2023 00:54
    NORM,604,       PPM,24/05/2023 00:55
    NORM,602,       PPM,24/05/2023 00:55
    NORM,600,       PPM,24/05/2023 00:56
    NORM,599,       PPM,24/05/2023 00:56
    NORM,600,       PPM,24/05/2023 00:57
    NORM,602,       PPM,24/05/2023 00:57
    NORM,601,       PPM,24/05/2023 00:58
    NORM,600,       PPM,24/05/2023 00:58
    NORM,602,       PPM,24/05/2023 00:59
    NORM,601,       PPM,24/05/2023 00:59
    NORM,604,       PPM,24/05/2023 01:00
    NORM,603,       PPM,24/05/2023 01:00
    NORM,605,       PPM,24/05/2023 01:01
    NORM,604,       PPM,24/05/2023 01:01
    NORM,602,       PPM,24/05/2023 01:02
    NORM,602,       PPM,24/05/2023 01:02
    NORM,606,       PPM,24/05/2023 01:03
    NORM,605,       PPM,24/05/2023 01:04
    NORM,604,       PPM,24/05/2023 01:04
    NORM,603,       PPM,24/05/2023 01:05
    NORM,601,       PPM,24/05/2023 01:05
    NORM,605,       PPM,24/05/2023 01:06
    NORM,603,       PPM,24/05/2023 01:06
    NORM,605,       PPM,24/05/2023 01:07
    NORM,603,       PPM,24/05/2023 01:07
    NORM,602,       PPM,24/05/2023 01:08
    NORM,602,       PPM,24/05/2023 01:08
    NORM,607,       PPM,24/05/2023 01:09
    NORM,604,       PPM,24/05/2023 01:09
    NORM,602,       PPM,24/05/2023 01:10
    NORM,602,       PPM,24/05/2023 01:10
    NORM,600,       PPM,24/05/2023 01:11
    NORM,601,       PPM,24/05/2023 01:11
    NORM,603,       PPM,24/05/2023 01:12
    NORM,607,       PPM,24/05/2023 01:12
    NORM,601,       PPM,24/05/2023 01:13
    NORM,600,       PPM,24/05/2023 01:13
    NORM,598,       PPM,24/05/2023 01:14
    NORM,603,       PPM,24/05/2023 01:14
    NORM,603,       PPM,24/05/2023 01:15
    NORM,604,       PPM,24/05/2023 01:15
    NORM,605,       PPM,24/05/2023 01:16
    NORM,604,       PPM,24/05/2023 01:16
    NORM,606,       PPM,24/05/2023 01:17
    NORM,606,       PPM,24/05/2023 01:17
    NORM,604,       PPM,24/05/2023 01:18
    NORM,602,       PPM,24/05/2023 01:18
    NORM,601,       PPM,24/05/2023 01:19
    NORM,597,       PPM,24/05/2023 01:20
    NORM,598,       PPM,24/05/2023 01:20
    NORM,599,       PPM,24/05/2023 01:21
    NORM,602,       PPM,24/05/2023 01:21
    NORM,600,       PPM,24/05/2023 01:22
    NORM,601,       PPM,24/05/2023 01:22
    NORM,602,       PPM,24/05/2023 01:23
    NORM,602,       PPM,24/05/2023 01:23
    NORM,603,       PPM,24/05/2023 01:24
    NORM,605,       PPM,24/05/2023 01:24
    NORM,606,       PPM,24/05/2023 01:25
    NORM,606,       PPM,24/05/2023 01:25
    NORM,607,       PPM,24/05/2023 01:26
    NORM,613,       PPM,24/05/2023 01:26
    NORM,615,       PPM,24/05/2023 01:27
    NORM,613,       PPM,24/05/2023 01:27
    NORM,613,       PPM,24/05/2023 01:28
    NORM,617,       PPM,24/05/2023 01:28
    NORM,619,       PPM,24/05/2023 01:29
    NORM,617,       PPM,24/05/2023 01:29
    NORM,614,       PPM,24/05/2023 01:30
    NORM,614,       PPM,24/05/2023 01:30
    NORM,618,       PPM,24/05/2023 01:31
    NORM,616,       PPM,24/05/2023 01:31
    NORM,613,       PPM,24/05/2023 01:32
    NORM,611,       PPM,24/05/2023 01:32
    NORM,615,       PPM,24/05/2023 01:33
    NORM,612,       PPM,24/05/2023 01:33
    NORM,613,       PPM,24/05/2023 01:34
    NORM,610,       PPM,24/05/2023 01:35
    NORM,612,       PPM,24/05/2023 01:35
    NORM,616,       PPM,24/05/2023 01:36
    NORM,614,       PPM,24/05/2023 01:36
    NORM,612,       PPM,24/05/2023 01:37
    NORM,614,       PPM,24/05/2023 01:37
    NORM,612,       PPM,24/05/2023 01:38
    NORM,616,       PPM,24/05/2023 01:38
    NORM,617,       PPM,24/05/2023 01:39
    NORM,616,       PPM,24/05/2023 01:39
    NORM,614,       PPM,24/05/2023 01:40
    NORM,609,       PPM,24/05/2023 01:40
    NORM,604,       PPM,24/05/2023 01:41
    NORM,602,       PPM,24/05/2023 01:41
    NORM,603,       PPM,24/05/2023 01:42
    NORM,614,       PPM,24/05/2023 01:42
    NORM,610,       PPM,24/05/2023 01:43
    NORM,608,       PPM,24/05/2023 01:43
    NORM,610,       PPM,24/05/2023 01:44
    NORM,612,       PPM,24/05/2023 01:44
    NORM,616,       PPM,24/05/2023 01:45
    NORM,621,       PPM,24/05/2023 01:45
    NORM,621,       PPM,24/05/2023 01:46
    NORM,624,       PPM,24/05/2023 01:46
    NORM,616,       PPM,24/05/2023 01:47
    NORM,616,       PPM,24/05/2023 01:47
    NORM,615,       PPM,24/05/2023 01:48
    NORM,617,       PPM,24/05/2023 01:48
    NORM,619,       PPM,24/05/2023 01:49
    NORM,618,       PPM,24/05/2023 01:50
    NORM,619,       PPM,24/05/2023 01:50
    NORM,611,       PPM,24/05/2023 01:51
    NORM,610,       PPM,24/05/2023 01:51
    NORM,606,       PPM,24/05/2023 01:52
    NORM,606,       PPM,24/05/2023 01:52
    NORM,604,       PPM,24/05/2023 01:53
    NORM,605,       PPM,24/05/2023 01:53
    NORM,610,       PPM,24/05/2023 01:54
    NORM,617,       PPM,24/05/2023 01:54
    NORM,620,       PPM,24/05/2023 01:55
    NORM,613,       PPM,24/05/2023 01:55
    NORM,612,       PPM,24/05/2023 01:56
    NORM,611,       PPM,24/05/2023 01:56
    NORM,606,       PPM,24/05/2023 01:57
    NORM,604,       PPM,24/05/2023 01:57
    NORM,612,       PPM,24/05/2023 01:58
    NORM,613,       PPM,24/05/2023 01:58
    NORM,610,       PPM,24/05/2023 01:59
    NORM,606,       PPM,24/05/2023 01:59
    NORM,606,       PPM,24/05/2023 02:00
    NORM,613,       PPM,24/05/2023 02:00
    NORM,618,       PPM,24/05/2023 02:01
    NORM,616,       PPM,24/05/2023 02:01
    NORM,615,       PPM,24/05/2023 02:02
    NORM,618,       PPM,24/05/2023 02:02
    NORM,617,       PPM,24/05/2023 02:03
    NORM,621,       PPM,24/05/2023 02:03
    NORM,621,       PPM,24/05/2023 02:04
    NORM,624,       PPM,24/05/2023 02:04
    NORM,621,       PPM,24/05/2023 02:05
    NORM,618,       PPM,24/05/2023 02:06
    NORM,617,       PPM,24/05/2023 02:06
    NORM,612,       PPM,24/05/2023 02:07
    NORM,611,       PPM,24/05/2023 02:07
    NORM,612,       PPM,24/05/2023 02:08
    NORM,613,       PPM,24/05/2023 02:08
    NORM,616,       PPM,24/05/2023 02:09
    NORM,616,       PPM,24/05/2023 02:09
    NORM,618,       PPM,24/05/2023 02:10
    NORM,618,       PPM,24/05/2023 02:10
    NORM,613,       PPM,24/05/2023 02:11
    NORM,614,       PPM,24/05/2023 02:11
    NORM,613,       PPM,24/05/2023 02:12
    NORM,616,       PPM,24/05/2023 02:12
    NORM,618,       PPM,24/05/2023 02:13
    NORM,620,       PPM,24/05/2023 02:13
    NORM,621,       PPM,24/05/2023 02:14
    NORM,630,       PPM,24/05/2023 02:14
    NORM,619,       PPM,24/05/2023 02:15
    NORM,609,       PPM,24/05/2023 02:15
    NORM,608,       PPM,24/05/2023 02:16
    NORM,608,       PPM,24/05/2023 02:16
    NORM,609,       PPM,24/05/2023 02:17
    NORM,605,       PPM,24/05/2023 02:17
    NORM,613,       PPM,24/05/2023 02:18
    NORM,616,       PPM,24/05/2023 02:18
    NORM,616,       PPM,24/05/2023 02:19
    NORM,618,       PPM,24/05/2023 02:19
    NORM,616,       PPM,24/05/2023 02:20
    NORM,619,       PPM,24/05/2023 02:21
    NORM,618,       PPM,24/05/2023 02:21
    NORM,615,       PPM,24/05/2023 02:22
    NORM,616,       PPM,24/05/2023 02:22
    NORM,615,       PPM,24/05/2023 02:23
    NORM,612,       PPM,24/05/2023 02:23
    NORM,611,       PPM,24/05/2023 02:24
    NORM,607,       PPM,24/05/2023 02:24
    NORM,610,       PPM,24/05/2023 02:25
    NORM,613,       PPM,24/05/2023 02:25
    NORM,608,       PPM,24/05/2023 02:26
    NORM,605,       PPM,24/05/2023 02:26
    NORM,608,       PPM,24/05/2023 02:27
    NORM,608,       PPM,24/05/2023 02:27
    NORM,608,       PPM,24/05/2023 02:28
    NORM,608,       PPM,24/05/2023 02:28
    NORM,610,       PPM,24/05/2023 02:29
    NORM,607,       PPM,24/05/2023 02:29
    NORM,605,       PPM,24/05/2023 02:30
    NORM,605,       PPM,24/05/2023 02:30
    NORM,602,       PPM,24/05/2023 02:31
    NORM,602,       PPM,24/05/2023 02:31
    NORM,602,       PPM,24/05/2023 02:32
    NORM,603,       PPM,24/05/2023 02:32
    NORM,602,       PPM,24/05/2023 02:33
    NORM,603,       PPM,24/05/2023 02:33
    NORM,606,       PPM,24/05/2023 02:34
    NORM,605,       PPM,24/05/2023 02:34
    NORM,606,       PPM,24/05/2023 02:35
    NORM,603,       PPM,24/05/2023 02:35
    NORM,601,       PPM,24/05/2023 02:36
    NORM,604,       PPM,24/05/2023 02:37
    NORM,603,       PPM,24/05/2023 02:37
    NORM,604,       PPM,24/05/2023 02:38
    NORM,602,       PPM,24/05/2023 02:38
    NORM,604,       PPM,24/05/2023 02:39
    NORM,601,       PPM,24/05/2023 02:39
    NORM,602,       PPM,24/05/2023 02:40
    NORM,601,       PPM,24/05/2023 02:40
    NORM,602,       PPM,24/05/2023 02:41
    NORM,602,       PPM,24/05/2023 02:41
    NORM,603,       PPM,24/05/2023 02:42
    NORM,603,       PPM,24/05/2023 02:42
    NORM,604,       PPM,24/05/2023 02:43
    NORM,601,       PPM,24/05/2023 02:43
    NORM,602,       PPM,24/05/2023 02:44
    NORM,604,       PPM,24/05/2023 02:44
    NORM,605,       PPM,24/05/2023 02:45
    NORM,604,       PPM,24/05/2023 02:45
    NORM,605,       PPM,24/05/2023 02:46
    NORM,610,       PPM,24/05/2023 02:46
    NORM,607,       PPM,24/05/2023 02:47
    NORM,608,       PPM,24/05/2023 02:47
    NORM,608,       PPM,24/05/2023 02:48
    NORM,608,       PPM,24/05/2023 02:48
    NORM,602,       PPM,24/05/2023 02:49
    NORM,604,       PPM,24/05/2023 02:49
    NORM,606,       PPM,24/05/2023 02:50
    NORM,610,       PPM,24/05/2023 02:50
    NORM,612,       PPM,24/05/2023 02:51
    NORM,611,       PPM,24/05/2023 02:52
    NORM,612,       PPM,24/05/2023 02:52
    NORM,606,       PPM,24/05/2023 02:53
    NORM,601,       PPM,24/05/2023 02:53
    NORM,603,       PPM,24/05/2023 02:54
    NORM,604,       PPM,24/05/2023 02:54
    NORM,604,       PPM,24/05/2023 02:55
    NORM,608,       PPM,24/05/2023 02:55
    NORM,609,       PPM,24/05/2023 02:56
    NORM,608,       PPM,24/05/2023 02:56
    NORM,606,       PPM,24/05/2023 02:57
    NORM,605,       PPM,24/05/2023 02:57
    NORM,606,       PPM,24/05/2023 02:58
    NORM,608,       PPM,24/05/2023 02:58
    NORM,612,       PPM,24/05/2023 02:59
    NORM,612,       PPM,24/05/2023 02:59
    NORM,607,       PPM,24/05/2023 03:00
    NORM,605,       PPM,24/05/2023 03:00
    NORM,605,       PPM,24/05/2023 03:01
    NORM,605,       PPM,24/05/2023 03:01
    NORM,605,       PPM,24/05/2023 03:02
    NORM,608,       PPM,24/05/2023 03:02
    NORM,614,       PPM,24/05/2023 03:03
    NORM,614,       PPM,24/05/2023 03:03
    NORM,610,       PPM,24/05/2023 03:04
    NORM,616,       PPM,24/05/2023 03:04
    NORM,614,       PPM,24/05/2023 03:05
    NORM,613,       PPM,24/05/2023 03:05
    NORM,611,       PPM,24/05/2023 03:06
    NORM,610,       PPM,24/05/2023 03:06
    NORM,607,       PPM,24/05/2023 03:07
    NORM,603,       PPM,24/05/2023 03:08
    NORM,600,       PPM,24/05/2023 03:08
    NORM,603,       PPM,24/05/2023 03:09
    NORM,604,       PPM,24/05/2023 03:09
    NORM,602,       PPM,24/05/2023 03:10
    NORM,603,       PPM,24/05/2023 03:10
    NORM,605,       PPM,24/05/2023 03:11
    NORM,604,       PPM,24/05/2023 03:11
    NORM,605,       PPM,24/05/2023 03:12
    NORM,607,       PPM,24/05/2023 03:12
    NORM,604,       PPM,24/05/2023 03:13
    NORM,603,       PPM,24/05/2023 03:13
    NORM,602,       PPM,24/05/2023 03:14
    NORM,600,       PPM,24/05/2023 03:14
    NORM,601,       PPM,24/05/2023 03:15
    NORM,602,       PPM,24/05/2023 03:15
    NORM,603,       PPM,24/05/2023 03:16
    NORM,599,       PPM,24/05/2023 03:16
    NORM,603,       PPM,24/05/2023 03:17
    NORM,598,       PPM,24/05/2023 03:17
    NORM,601,       PPM,24/05/2023 03:18
    NORM,601,       PPM,24/05/2023 03:18
    NORM,606,       PPM,24/05/2023 03:19
    NORM,601,       PPM,24/05/2023 03:19
    NORM,598,       PPM,24/05/2023 03:20
    NORM,599,       PPM,24/05/2023 03:20
    NORM,602,       PPM,24/05/2023 03:21
    NORM,599,       PPM,24/05/2023 03:21
    NORM,602,       PPM,24/05/2023 03:22
    NORM,600,       PPM,24/05/2023 03:23
    NORM,604,       PPM,24/05/2023 03:23
    NORM,608,       PPM,24/05/2023 03:24
    NORM,606,       PPM,24/05/2023 03:24
    NORM,607,       PPM,24/05/2023 03:25
    NORM,604,       PPM,24/05/2023 03:25
    NORM,610,       PPM,24/05/2023 03:26
    NORM,615,       PPM,24/05/2023 03:26
    NORM,618,       PPM,24/05/2023 03:27
    NORM,614,       PPM,24/05/2023 03:27
    NORM,610,       PPM,24/05/2023 03:28
    NORM,605,       PPM,24/05/2023 03:28
    NORM,606,       PPM,24/05/2023 03:29
    NORM,608,       PPM,24/05/2023 03:29
    NORM,607,       PPM,24/05/2023 03:30
    NORM,603,       PPM,24/05/2023 03:30
    NORM,605,       PPM,24/05/2023 03:31
    NORM,606,       PPM,24/05/2023 03:31
    NORM,608,       PPM,24/05/2023 03:32
    NORM,610,       PPM,24/05/2023 03:32
    NORM,613,       PPM,24/05/2023 03:33
    NORM,610,       PPM,24/05/2023 03:33
    NORM,609,       PPM,24/05/2023 03:34
    NORM,609,       PPM,24/05/2023 03:34
    NORM,611,       PPM,24/05/2023 03:35
    NORM,616,       PPM,24/05/2023 03:35
    NORM,620,       PPM,24/05/2023 03:36
    NORM,621,       PPM,24/05/2023 03:36
    NORM,619,       PPM,24/05/2023 03:37
    NORM,618,       PPM,24/05/2023 03:37
    NORM,620,       PPM,24/05/2023 03:38
    NORM,618,       PPM,24/05/2023 03:39
    NORM,622,       PPM,24/05/2023 03:39
    NORM,623,       PPM,24/05/2023 03:40
    NORM,624,       PPM,24/05/2023 03:40
    NORM,624,       PPM,24/05/2023 03:41
    NORM,621,       PPM,24/05/2023 03:41
    NORM,622,       PPM,24/05/2023 03:42
    NORM,630,       PPM,24/05/2023 03:42
    NORM,636,       PPM,24/05/2023 03:43
    NORM,629,       PPM,24/05/2023 03:43
    NORM,628,       PPM,24/05/2023 03:44
    NORM,626,       PPM,24/05/2023 03:44
    NORM,625,       PPM,24/05/2023 03:45
    NORM,618,       PPM,24/05/2023 03:45
    NORM,619,       PPM,24/05/2023 03:46
    NORM,619,       PPM,24/05/2023 03:46
    NORM,623,       PPM,24/05/2023 03:47
    NORM,624,       PPM,24/05/2023 03:47
    NORM,620,       PPM,24/05/2023 03:48
    NORM,614,       PPM,24/05/2023 03:48
    NORM,610,       PPM,24/05/2023 03:49
    NORM,609,       PPM,24/05/2023 03:49
    NORM,610,       PPM,24/05/2023 03:50
    NORM,610,       PPM,24/05/2023 03:50
    NORM,612,       PPM,24/05/2023 03:51
    NORM,609,       PPM,24/05/2023 03:51
    NORM,610,       PPM,24/05/2023 03:52
    NORM,609,       PPM,24/05/2023 03:52
    NORM,609,       PPM,24/05/2023 03:53
    NORM,609,       PPM,24/05/2023 03:54
    NORM,608,       PPM,24/05/2023 03:54
    NORM,606,       PPM,24/05/2023 03:55
    NORM,607,       PPM,24/05/2023 03:55
    NORM,606,       PPM,24/05/2023 03:56
    NORM,612,       PPM,24/05/2023 03:56
    NORM,615,       PPM,24/05/2023 03:57
    NORM,617,       PPM,24/05/2023 03:57
    NORM,612,       PPM,24/05/2023 03:58
    NORM,612,       PPM,24/05/2023 03:58
    NORM,608,       PPM,24/05/2023 03:59
    NORM,609,       PPM,24/05/2023 03:59
    NORM,612,       PPM,24/05/2023 04:00
    NORM,613,       PPM,24/05/2023 04:00
    NORM,615,       PPM,24/05/2023 04:01
    NORM,621,       PPM,24/05/2023 04:01
    NORM,620,       PPM,24/05/2023 04:02
    NORM,622,       PPM,24/05/2023 04:02
    NORM,617,       PPM,24/05/2023 04:03
    NORM,617,       PPM,24/05/2023 04:03
    NORM,617,       PPM,24/05/2023 04:04
    NORM,618,       PPM,24/05/2023 04:04
    NORM,625,       PPM,24/05/2023 04:05
    NORM,622,       PPM,24/05/2023 04:05
    NORM,623,       PPM,24/05/2023 04:06
    NORM,624,       PPM,24/05/2023 04:06
    NORM,623,       PPM,24/05/2023 04:07
    NORM,622,       PPM,24/05/2023 04:07
    NORM,624,       PPM,24/05/2023 04:08
    NORM,624,       PPM,24/05/2023 04:09
    NORM,625,       PPM,24/05/2023 04:09
    NORM,626,       PPM,24/05/2023 04:10
    NORM,619,       PPM,24/05/2023 04:10
    NORM,618,       PPM,24/05/2023 04:11
    NORM,616,       PPM,24/05/2023 04:11
    NORM,622,       PPM,24/05/2023 04:12
    NORM,622,       PPM,24/05/2023 04:12
    NORM,624,       PPM,24/05/2023 04:13
    NORM,626,       PPM,24/05/2023 04:13
    NORM,623,       PPM,24/05/2023 04:14
    NORM,614,       PPM,24/05/2023 04:14
    NORM,610,       PPM,24/05/2023 04:15
    NORM,613,       PPM,24/05/2023 04:15
    NORM,616,       PPM,24/05/2023 04:16
    NORM,620,       PPM,24/05/2023 04:16
    NORM,627,       PPM,24/05/2023 04:17
    NORM,626,       PPM,24/05/2023 04:17
    NORM,624,       PPM,24/05/2023 04:18
    NORM,621,       PPM,24/05/2023 04:18
    NORM,620,       PPM,24/05/2023 04:19
    NORM,620,       PPM,24/05/2023 04:19
    NORM,618,       PPM,24/05/2023 04:20
    NORM,618,       PPM,24/05/2023 04:20
    NORM,618,       PPM,24/05/2023 04:21
    NORM,618,       PPM,24/05/2023 04:21
    NORM,617,       PPM,24/05/2023 04:22
    NORM,619,       PPM,24/05/2023 04:22
    NORM,622,       PPM,24/05/2023 04:23
    NORM,621,       PPM,24/05/2023 04:23
    NORM,619,       PPM,24/05/2023 04:24
    NORM,619,       PPM,24/05/2023 04:25
    NORM,618,       PPM,24/05/2023 04:25
    NORM,620,       PPM,24/05/2023 04:26
    NORM,621,       PPM,24/05/2023 04:26
    NORM,624,       PPM,24/05/2023 04:27
    NORM,622,       PPM,24/05/2023 04:27
    NORM,620,       PPM,24/05/2023 04:28
    NORM,622,       PPM,24/05/2023 04:28
    NORM,621,       PPM,24/05/2023 04:29
    NORM,623,       PPM,24/05/2023 04:29
    NORM,623,       PPM,24/05/2023 04:30
    NORM,621,       PPM,24/05/2023 04:30
    NORM,618,       PPM,24/05/2023 04:31
    NORM,618,       PPM,24/05/2023 04:31
    NORM,619,       PPM,24/05/2023 04:32
    NORM,615,       PPM,24/05/2023 04:32
    NORM,616,       PPM,24/05/2023 04:33
    NORM,617,       PPM,24/05/2023 04:33
    NORM,618,       PPM,24/05/2023 04:34
    NORM,616,       PPM,24/05/2023 04:34
    NORM,613,       PPM,24/05/2023 04:35
    NORM,615,       PPM,24/05/2023 04:35
    NORM,612,       PPM,24/05/2023 04:36
    NORM,613,       PPM,24/05/2023 04:36
    NORM,615,       PPM,24/05/2023 04:37
    NORM,614,       PPM,24/05/2023 04:37
    NORM,611,       PPM,24/05/2023 04:38
    NORM,614,       PPM,24/05/2023 04:38
    NORM,616,       PPM,24/05/2023 04:39
    NORM,615,       PPM,24/05/2023 04:40
    NORM,618,       PPM,24/05/2023 04:40
    NORM,617,       PPM,24/05/2023 04:41
    NORM,617,       PPM,24/05/2023 04:41
    NORM,618,       PPM,24/05/2023 04:42
    NORM,614,       PPM,24/05/2023 04:42
    NORM,613,       PPM,24/05/2023 04:43
    NORM,615,       PPM,24/05/2023 04:43
    NORM,614,       PPM,24/05/2023 04:44
    NORM,613,       PPM,24/05/2023 04:44
    NORM,614,       PPM,24/05/2023 04:45
    NORM,613,       PPM,24/05/2023 04:45
    NORM,612,       PPM,24/05/2023 04:46
    NORM,618,       PPM,24/05/2023 04:46
    NORM,618,       PPM,24/05/2023 04:47
    NORM,618,       PPM,24/05/2023 04:47
    NORM,618,       PPM,24/05/2023 04:48
    NORM,619,       PPM,24/05/2023 04:48
    NORM,614,       PPM,24/05/2023 04:49
    NORM,618,       PPM,24/05/2023 04:49
    NORM,616,       PPM,24/05/2023 04:50
    NORM,611,       PPM,24/05/2023 04:50
    NORM,611,       PPM,24/05/2023 04:51
    NORM,613,       PPM,24/05/2023 04:51
    NORM,617,       PPM,24/05/2023 04:52
    NORM,612,       PPM,24/05/2023 04:52
    NORM,609,       PPM,24/05/2023 04:53
    NORM,610,       PPM,24/05/2023 04:53
    NORM,610,       PPM,24/05/2023 04:54
    NORM,613,       PPM,24/05/2023 04:54
    NORM,616,       PPM,24/05/2023 04:55
    NORM,621,       PPM,24/05/2023 04:56
    NORM,620,       PPM,24/05/2023 04:56
    NORM,616,       PPM,24/05/2023 04:57
    NORM,617,       PPM,24/05/2023 04:57
    NORM,617,       PPM,24/05/2023 04:58
    NORM,623,       PPM,24/05/2023 04:58
    NORM,618,       PPM,24/05/2023 04:59
    NORM,617,       PPM,24/05/2023 04:59
    NORM,616,       PPM,24/05/2023 05:00
    NORM,615,       PPM,24/05/2023 05:00
    NORM,616,       PPM,24/05/2023 05:01
    NORM,616,       PPM,24/05/2023 05:01
    NORM,616,       PPM,24/05/2023 05:02
    NORM,620,       PPM,24/05/2023 05:02
    NORM,623,       PPM,24/05/2023 05:03
    NORM,620,       PPM,24/05/2023 05:03
    NORM,615,       PPM,24/05/2023 05:04
    NORM,616,       PPM,24/05/2023 05:04
    NORM,613,       PPM,24/05/2023 05:05
    NORM,610,       PPM,24/05/2023 05:05
    NORM,610,       PPM,24/05/2023 05:06
    NORM,612,       PPM,24/05/2023 05:06
    NORM,620,       PPM,24/05/2023 05:07
    NORM,616,       PPM,24/05/2023 05:07
    NORM,610,       PPM,24/05/2023 05:08
    NORM,611,       PPM,24/05/2023 05:08
    NORM,611,       PPM,24/05/2023 05:09
    NORM,610,       PPM,24/05/2023 05:09
    NORM,608,       PPM,24/05/2023 05:10
    NORM,610,       PPM,24/05/2023 05:11
    NORM,610,       PPM,24/05/2023 05:11
    NORM,610,       PPM,24/05/2023 05:12
    NORM,617,       PPM,24/05/2023 05:12
    NORM,615,       PPM,24/05/2023 05:13
    NORM,613,       PPM,24/05/2023 05:13
    NORM,610,       PPM,24/05/2023 05:14
    NORM,608,       PPM,24/05/2023 05:14
    NORM,605,       PPM,24/05/2023 05:15
    NORM,606,       PPM,24/05/2023 05:15
    NORM,609,       PPM,24/05/2023 05:16
    NORM,613,       PPM,24/05/2023 05:16
    NORM,612,       PPM,24/05/2023 05:17
    NORM,612,       PPM,24/05/2023 05:17
    NORM,608,       PPM,24/05/2023 05:18
    NORM,609,       PPM,24/05/2023 05:18
    NORM,609,       PPM,24/05/2023 05:19
    NORM,611,       PPM,24/05/2023 05:19
    NORM,612,       PPM,24/05/2023 05:20
    NORM,610,       PPM,24/05/2023 05:20
    NORM,610,       PPM,24/05/2023 05:21
    NORM,614,       PPM,24/05/2023 05:21
    NORM,613,       PPM,24/05/2023 05:22
    NORM,609,       PPM,24/05/2023 05:22
    NORM,610,       PPM,24/05/2023 05:23
    NORM,610,       PPM,24/05/2023 05:23
    NORM,613,       PPM,24/05/2023 05:24
    NORM,612,       PPM,24/05/2023 05:24
    NORM,611,       PPM,24/05/2023 05:25
    NORM,613,       PPM,24/05/2023 05:25
    NORM,610,       PPM,24/05/2023 05:26
    NORM,608,       PPM,24/05/2023 05:27
    NORM,608,       PPM,24/05/2023 05:27
    NORM,610,       PPM,24/05/2023 05:28
    NORM,608,       PPM,24/05/2023 05:28
    NORM,610,       PPM,24/05/2023 05:29
    NORM,608,       PPM,24/05/2023 05:29
    NORM,609,       PPM,24/05/2023 05:30
    NORM,607,       PPM,24/05/2023 05:30
    NORM,604,       PPM,24/05/2023 05:31
    NORM,607,       PPM,24/05/2023 05:31
    NORM,608,       PPM,24/05/2023 05:32
    NORM,606,       PPM,24/05/2023 05:32
    NORM,606,       PPM,24/05/2023 05:33
    NORM,608,       PPM,24/05/2023 05:33
    NORM,608,       PPM,24/05/2023 05:34
    NORM,605,       PPM,24/05/2023 05:34
    NORM,609,       PPM,24/05/2023 05:35
    NORM,609,       PPM,24/05/2023 05:35
    NORM,608,       PPM,24/05/2023 05:36
    NORM,608,       PPM,24/05/2023 05:36
    NORM,607,       PPM,24/05/2023 05:37
    NORM,609,       PPM,24/05/2023 05:37
    NORM,610,       PPM,24/05/2023 05:38
    NORM,610,       PPM,24/05/2023 05:38
    NORM,612,       PPM,24/05/2023 05:39
    NORM,612,       PPM,24/05/2023 05:39
    NORM,614,       PPM,24/05/2023 05:40
    NORM,613,       PPM,24/05/2023 05:40
    NORM,613,       PPM,24/05/2023 05:41
    NORM,610,       PPM,24/05/2023 05:42
    NORM,608,       PPM,24/05/2023 05:42
    NORM,612,       PPM,24/05/2023 05:43
    NORM,610,       PPM,24/05/2023 05:43
    NORM,609,       PPM,24/05/2023 05:44
    NORM,613,       PPM,24/05/2023 05:44
    NORM,612,       PPM,24/05/2023 05:45
    NORM,612,       PPM,24/05/2023 05:45
    NORM,612,       PPM,24/05/2023 05:46
    NORM,611,       PPM,24/05/2023 05:46
    NORM,616,       PPM,24/05/2023 05:47
    NORM,614,       PPM,24/05/2023 05:47
    NORM,611,       PPM,24/05/2023 05:48
    NORM,612,       PPM,24/05/2023 05:48
    NORM,610,       PPM,24/05/2023 05:49
    NORM,609,       PPM,24/05/2023 05:49
    NORM,611,       PPM,24/05/2023 05:50
    NORM,615,       PPM,24/05/2023 05:50
    NORM,616,       PPM,24/05/2023 05:51
    NORM,615,       PPM,24/05/2023 05:51
    NORM,613,       PPM,24/05/2023 05:52
    NORM,610,       PPM,24/05/2023 05:52
    NORM,612,       PPM,24/05/2023 05:53
    NORM,611,       PPM,24/05/2023 05:53
    NORM,613,       PPM,24/05/2023 05:54
    NORM,613,       PPM,24/05/2023 05:54
    NORM,617,       PPM,24/05/2023 05:55
    NORM,619,       PPM,24/05/2023 05:55
    NORM,618,       PPM,24/05/2023 05:56
    NORM,614,       PPM,24/05/2023 05:56
    NORM,613,       PPM,24/05/2023 05:57
    NORM,614,       PPM,24/05/2023 05:58
    NORM,615,       PPM,24/05/2023 05:58
    NORM,615,       PPM,24/05/2023 05:59
    NORM,614,       PPM,24/05/2023 05:59
    NORM,613,       PPM,24/05/2023 06:00
    NORM,614,       PPM,24/05/2023 06:00
    NORM,612,       PPM,24/05/2023 06:01
    NORM,615,       PPM,24/05/2023 06:01
    NORM,616,       PPM,24/05/2023 06:02
    NORM,618,       PPM,24/05/2023 06:02
    NORM,620,       PPM,24/05/2023 06:03
    NORM,618,       PPM,24/05/2023 06:03
    NORM,616,       PPM,24/05/2023 06:04
    NORM,615,       PPM,24/05/2023 06:04
    NORM,615,       PPM,24/05/2023 06:05
    NORM,617,       PPM,24/05/2023 06:05
    NORM,617,       PPM,24/05/2023 06:06
    NORM,615,       PPM,24/05/2023 06:06
    NORM,618,       PPM,24/05/2023 06:07
    NORM,617,       PPM,24/05/2023 06:07
    NORM,617,       PPM,24/05/2023 06:08
    NORM,619,       PPM,24/05/2023 06:08
    NORM,618,       PPM,24/05/2023 06:09
    NORM,618,       PPM,24/05/2023 06:09
    NORM,621,       PPM,24/05/2023 06:10
    NORM,618,       PPM,24/05/2023 06:10
    NORM,623,       PPM,24/05/2023 06:11
    NORM,624,       PPM,24/05/2023 06:11
    NORM,624,       PPM,24/05/2023 06:12
    NORM,624,       PPM,24/05/2023 06:13
    NORM,619,       PPM,24/05/2023 06:13
    NORM,623,       PPM,24/05/2023 06:14
    NORM,622,       PPM,24/05/2023 06:14
    NORM,626,       PPM,24/05/2023 06:15
    NORM,627,       PPM,24/05/2023 06:15
    NORM,624,       PPM,24/05/2023 06:16
    NORM,619,       PPM,24/05/2023 06:16
    NORM,618,       PPM,24/05/2023 06:17
    NORM,618,       PPM,24/05/2023 06:17
    NORM,618,       PPM,24/05/2023 06:18
    NORM,620,       PPM,24/05/2023 06:18
    NORM,619,       PPM,24/05/2023 06:19
    NORM,622,       PPM,24/05/2023 06:19
    NORM,623,       PPM,24/05/2023 06:20
    NORM,699,       PPM,24/05/2023 06:20
    NORM,689,       PPM,24/05/2023 06:21
    NORM,655,       PPM,24/05/2023 06:21
    NORM,657,       PPM,24/05/2023 06:22
    NORM,655,       PPM,24/05/2023 06:22
    NORM,667,       PPM,24/05/2023 06:23
    NORM,654,       PPM,24/05/2023 06:23
    NORM,654,       PPM,24/05/2023 06:24
    NORM,653,       PPM,24/05/2023 06:24
    NORM,663,       PPM,24/05/2023 06:25
    NORM,667,       PPM,24/05/2023 06:25
    NORM,660,       PPM,24/05/2023 06:26
    NORM,664,       PPM,24/05/2023 06:26
    NORM,677,       PPM,24/05/2023 06:27
    NORM,670,       PPM,24/05/2023 06:28
    NORM,657,       PPM,24/05/2023 06:28
    NORM,654,       PPM,24/05/2023 06:29
    NORM,647,       PPM,24/05/2023 06:29
    NORM,641,       PPM,24/05/2023 06:30
    NORM,630,       PPM,24/05/2023 06:30
    NORM,627,       PPM,24/05/2023 06:31
    NORM,650,       PPM,24/05/2023 06:31
    NORM,648,       PPM,24/05/2023 06:32
    NORM,644,       PPM,24/05/2023 06:32
    NORM,654,       PPM,24/05/2023 06:33
    NORM,652,       PPM,24/05/2023 06:33
    NORM,652,       PPM,24/05/2023 06:34
    NORM,640,       PPM,24/05/2023 06:34
    NORM,643,       PPM,24/05/2023 06:35
    NORM,647,       PPM,24/05/2023 06:35
    NORM,637,       PPM,24/05/2023 06:36
    NORM,638,       PPM,24/05/2023 06:36
    NORM,646,       PPM,24/05/2023 06:37
    NORM,647,       PPM,24/05/2023 06:37
    NORM,647,       PPM,24/05/2023 06:38
    NORM,645,       PPM,24/05/2023 06:38
    NORM,639,       PPM,24/05/2023 06:39
    NORM,641,       PPM,24/05/2023 06:39
    NORM,654,       PPM,24/05/2023 06:40
    NORM,639,       PPM,24/05/2023 06:40
    NORM,630,       PPM,24/05/2023 06:41
    NORM,623,       PPM,24/05/2023 06:41
    NORM,638,       PPM,24/05/2023 06:42
    NORM,655,       PPM,24/05/2023 06:42
    NORM,653,       PPM,24/05/2023 06:43
    NORM,641,       PPM,24/05/2023 06:44
    NORM,643,       PPM,24/05/2023 06:44
    NORM,639,       PPM,24/05/2023 06:45
    NORM,649,       PPM,24/05/2023 06:45
    NORM,632,       PPM,24/05/2023 06:46
    NORM,632,       PPM,24/05/2023 06:46
    NORM,630,       PPM,24/05/2023 06:47
    NORM,627,       PPM,24/05/2023 06:47
    NORM,629,       PPM,24/05/2023 06:48
    NORM,632,       PPM,24/05/2023 06:48
    NORM,632,       PPM,24/05/2023 06:49
    NORM,632,       PPM,24/05/2023 06:49
    NORM,636,       PPM,24/05/2023 06:50
    NORM,635,       PPM,24/05/2023 06:50
    NORM,632,       PPM,24/05/2023 06:51
    NORM,631,       PPM,24/05/2023 06:51
    NORM,625,       PPM,24/05/2023 06:52
    NORM,627,       PPM,24/05/2023 06:52
    NORM,630,       PPM,24/05/2023 06:53
    NORM,622,       PPM,24/05/2023 06:53
    NORM,618,       PPM,24/05/2023 06:54
    NORM,620,       PPM,24/05/2023 06:54
    NORM,617,       PPM,24/05/2023 06:55
    NORM,614,       PPM,24/05/2023 06:55
    NORM,613,       PPM,24/05/2023 06:56
    NORM,613,       PPM,24/05/2023 06:56
    NORM,614,       PPM,24/05/2023 06:57
    NORM,611,       PPM,24/05/2023 06:57
    NORM,612,       PPM,24/05/2023 06:58
    NORM,611,       PPM,24/05/2023 06:59
    NORM,612,       PPM,24/05/2023 06:59
    NORM,614,       PPM,24/05/2023 07:00
    NORM,615,       PPM,24/05/2023 07:00
    NORM,613,       PPM,24/05/2023 07:01
    NORM,616,       PPM,24/05/2023 07:01
    NORM,620,       PPM,24/05/2023 07:02
    NORM,621,       PPM,24/05/2023 07:02
    NORM,615,       PPM,24/05/2023 07:03
    NORM,617,       PPM,24/05/2023 07:03
    NORM,615,       PPM,24/05/2023 07:04
    NORM,618,       PPM,24/05/2023 07:04
    NORM,613,       PPM,24/05/2023 07:05
    NORM,613,       PPM,24/05/2023 07:05
    NORM,616,       PPM,24/05/2023 07:06
    NORM,616,       PPM,24/05/2023 07:06
    NORM,614,       PPM,24/05/2023 07:07
    NORM,613,       PPM,24/05/2023 07:07
    NORM,621,       PPM,24/05/2023 07:08
    NORM,621,       PPM,24/05/2023 07:08
    NORM,617,       PPM,24/05/2023 07:09
    NORM,620,       PPM,24/05/2023 07:09
    NORM,621,       PPM,24/05/2023 07:10
    NORM,618,       PPM,24/05/2023 07:10
    NORM,617,       PPM,24/05/2023 07:11
    NORM,619,       PPM,24/05/2023 07:11
    NORM,623,       PPM,24/05/2023 07:12
    NORM,623,       PPM,24/05/2023 07:12
    NORM,632,       PPM,24/05/2023 07:13
    NORM,628,       PPM,24/05/2023 07:14
    NORM,628,       PPM,24/05/2023 07:14
    NORM,630,       PPM,24/05/2023 07:15
    NORM,622,       PPM,24/05/2023 07:15
    NORM,616,       PPM,24/05/2023 07:16
    NORM,622,       PPM,24/05/2023 07:16
    NORM,627,       PPM,24/05/2023 07:17
    NORM,623,       PPM,24/05/2023 07:17
    NORM,620,       PPM,24/05/2023 07:18
    NORM,619,       PPM,24/05/2023 07:18
    NORM,617,       PPM,24/05/2023 07:19
    NORM,608,       PPM,24/05/2023 07:19
    NORM,611,       PPM,24/05/2023 07:20
    NORM,616,       PPM,24/05/2023 07:20
    NORM,617,       PPM,24/05/2023 07:21
    NORM,615,       PPM,24/05/2023 07:21
    NORM,608,       PPM,24/05/2023 07:22
    NORM,604,       PPM,24/05/2023 07:22
    NORM,606,       PPM,24/05/2023 07:23
    NORM,602,       PPM,24/05/2023 07:23
    NORM,602,       PPM,24/05/2023 07:24
    NORM,602,       PPM,24/05/2023 07:24
    NORM,605,       PPM,24/05/2023 07:25
    NORM,603,       PPM,24/05/2023 07:25
    NORM,605,       PPM,24/05/2023 07:26
    NORM,614,       PPM,24/05/2023 07:26
    NORM,609,       PPM,24/05/2023 07:27
    NORM,612,       PPM,24/05/2023 07:27
    NORM,614,       PPM,24/05/2023 07:28
    NORM,611,       PPM,24/05/2023 07:28
    NORM,610,       PPM,24/05/2023 07:29
    NORM,609,       PPM,24/05/2023 07:30
    NORM,606,       PPM,24/05/2023 07:30
    NORM,604,       PPM,24/05/2023 07:31
    NORM,604,       PPM,24/05/2023 07:31
    NORM,607,       PPM,24/05/2023 07:32
    NORM,607,       PPM,24/05/2023 07:32
    NORM,606,       PPM,24/05/2023 07:33
    NORM,606,       PPM,24/05/2023 07:33
    NORM,605,       PPM,24/05/2023 07:34
    NORM,609,       PPM,24/05/2023 07:34
    NORM,605,       PPM,24/05/2023 07:35
    NORM,608,       PPM,24/05/2023 07:35
    NORM,615,       PPM,24/05/2023 07:36
    NORM,617,       PPM,24/05/2023 07:36
    NORM,615,       PPM,24/05/2023 07:37
    NORM,607,       PPM,24/05/2023 07:37
    NORM,615,       PPM,24/05/2023 07:38
    NORM,612,       PPM,24/05/2023 07:38
    NORM,607,       PPM,24/05/2023 07:39
    NORM,602,       PPM,24/05/2023 07:39
    NORM,602,       PPM,24/05/2023 07:40
    NORM,602,       PPM,24/05/2023 07:40
    NORM,602,       PPM,24/05/2023 07:41
    NORM,602,       PPM,24/05/2023 07:41
    NORM,605,       PPM,24/05/2023 07:42
    NORM,600,       PPM,24/05/2023 07:42
    NORM,598,       PPM,24/05/2023 07:43
    NORM,597,       PPM,24/05/2023 07:43
    NORM,598,       PPM,24/05/2023 07:44
    NORM,599,       PPM,24/05/2023 07:45
    NORM,599,       PPM,24/05/2023 07:45
    NORM,599,       PPM,24/05/2023 07:46
    NORM,598,       PPM,24/05/2023 07:46
    NORM,596,       PPM,24/05/2023 07:47
    NORM,594,       PPM,24/05/2023 07:47
    NORM,596,       PPM,24/05/2023 07:48
    NORM,597,       PPM,24/05/2023 07:48
    NORM,597,       PPM,24/05/2023 07:49
    NORM,594,       PPM,24/05/2023 07:49
    NORM,596,       PPM,24/05/2023 07:50
    NORM,594,       PPM,24/05/2023 07:50
    NORM,594,       PPM,24/05/2023 07:51
    NORM,599,       PPM,24/05/2023 07:51
    NORM,597,       PPM,24/05/2023 07:52
    NORM,597,       PPM,24/05/2023 07:52
    NORM,597,       PPM,24/05/2023 07:53
    NORM,596,       PPM,24/05/2023 07:53
    NORM,595,       PPM,24/05/2023 07:54
    NORM,594,       PPM,24/05/2023 07:54
    NORM,591,       PPM,24/05/2023 07:55
    NORM,593,       PPM,24/05/2023 07:55
    NORM,593,       PPM,24/05/2023 07:56
    NORM,591,       PPM,24/05/2023 07:56
    NORM,593,       PPM,24/05/2023 07:57
    NORM,596,       PPM,24/05/2023 07:57
    NORM,598,       PPM,24/05/2023 07:58
    NORM,595,       PPM,24/05/2023 07:58
    NORM,594,       PPM,24/05/2023 07:59
    NORM,597,       PPM,24/05/2023 07:59
    NORM,596,       PPM,24/05/2023 08:00
    NORM,595,       PPM,24/05/2023 08:01
    NORM,598,       PPM,24/05/2023 08:01
    NORM,599,       PPM,24/05/2023 08:02
    NORM,597,       PPM,24/05/2023 08:02
    NORM,597,       PPM,24/05/2023 08:03
    NORM,599,       PPM,24/05/2023 08:03
    NORM,610,       PPM,24/05/2023 08:04
    NORM,601,       PPM,24/05/2023 08:04
    NORM,598,       PPM,24/05/2023 08:05
