ID,SHOW,STATE,TIME
"1242" ,"733" ,"NOMAL" ,"2023/05/08 00:13:34" 
"1243" ,"649" ,"NOMAL" ,"2023/05/08 00:14:05" 
"1244" ,"759" ,"NOMAL" ,"2023/05/08 00:14:36" 
"1245" ,"665" ,"NOMAL" ,"2023/05/08 00:15:07" 
"1246" ,"615" ,"NOMAL" ,"2023/05/08 00:15:38" 
"1247" ,"612" ,"NOMAL" ,"2023/05/08 00:16:09" 
"1248" ,"604" ,"NOMAL" ,"2023/05/08 00:16:40" 
"1249" ,"601" ,"NOMAL" ,"2023/05/08 00:17:11" 
"1250" ,"601" ,"NOMAL" ,"2023/05/08 00:17:42" 
"1251" ,"605" ,"NOMAL" ,"2023/05/08 00:18:13" 
"1252" ,"603" ,"NOMAL" ,"2023/05/08 00:18:44" 
"1253" ,"605" ,"NOMAL" ,"2023/05/08 00:19:15" 
"1254" ,"604" ,"NOMAL" ,"2023/05/08 00:19:46" 
"1255" ,"606" ,"NOMAL" ,"2023/05/08 00:20:17" 
"1256" ,"603" ,"NOMAL" ,"2023/05/08 00:20:48" 
"1257" ,"604" ,"NOMAL" ,"2023/05/08 00:21:19" 
"1258" ,"605" ,"NOMAL" ,"2023/05/08 00:21:50" 
"1259" ,"605" ,"NOMAL" ,"2023/05/08 00:22:21" 
"1260" ,"605" ,"NOMAL" ,"2023/05/08 00:22:52" 
"1261" ,"607" ,"NOMAL" ,"2023/05/08 00:23:23" 
"1262" ,"607" ,"NOMAL" ,"2023/05/08 00:23:54" 
"1263" ,"609" ,"NOMAL" ,"2023/05/08 00:24:25" 
"1264" ,"609" ,"NOMAL" ,"2023/05/08 00:24:56" 
"1265" ,"612" ,"NOMAL" ,"2023/05/08 00:25:27" 
"1266" ,"613" ,"NOMAL" ,"2023/05/08 00:25:58" 
"1267" ,"611" ,"NOMAL" ,"2023/05/08 00:26:29" 
"1268" ,"607" ,"NOMAL" ,"2023/05/08 00:27:00" 
"1269" ,"607" ,"NOMAL" ,"2023/05/08 00:27:31" 
"1270" ,"610" ,"NOMAL" ,"2023/05/08 00:28:02" 
"1271" ,"613" ,"NOMAL" ,"2023/05/08 00:28:33" 
"1272" ,"617" ,"NOMAL" ,"2023/05/08 00:29:04" 
"1273" ,"623" ,"NOMAL" ,"2023/05/08 00:29:35" 
"1274" ,"619" ,"NOMAL" ,"2023/05/08 00:30:06" 
"1275" ,"611" ,"NOMAL" ,"2023/05/08 00:30:37" 
"1276" ,"607" ,"NOMAL" ,"2023/05/08 00:31:08" 
"1277" ,"608" ,"NOMAL" ,"2023/05/08 00:31:39" 
"1278" ,"610" ,"NOMAL" ,"2023/05/08 00:32:10" 
"1279" ,"611" ,"NOMAL" ,"2023/05/08 00:32:41" 
"1280" ,"612" ,"NOMAL" ,"2023/05/08 00:33:12" 
"1281" ,"614" ,"NOMAL" ,"2023/05/08 00:33:43" 
"1282" ,"612" ,"NOMAL" ,"2023/05/08 00:34:14" 
"1283" ,"613" ,"NOMAL" ,"2023/05/08 00:34:45" 
"1284" ,"615" ,"NOMAL" ,"2023/05/08 00:35:16" 
"1285" ,"614" ,"NOMAL" ,"2023/05/08 00:35:47" 
"1286" ,"614" ,"NOMAL" ,"2023/05/08 00:36:18" 
"1287" ,"615" ,"NOMAL" ,"2023/05/08 00:36:49" 
"1288" ,"616" ,"NOMAL" ,"2023/05/08 00:37:20" 
"1289" ,"615" ,"NOMAL" ,"2023/05/08 00:37:51" 
"1290" ,"614" ,"NOMAL" ,"2023/05/08 00:38:22" 
"1291" ,"613" ,"NOMAL" ,"2023/05/08 00:38:53" 
"1292" ,"615" ,"NOMAL" ,"2023/05/08 00:39:24" 
"1293" ,"615" ,"NOMAL" ,"2023/05/08 00:39:55" 
"1294" ,"615" ,"NOMAL" ,"2023/05/08 00:40:26" 
"1295" ,"617" ,"NOMAL" ,"2023/05/08 00:40:57" 
"1296" ,"618" ,"NOMAL" ,"2023/05/08 00:41:28" 
"1297" ,"615" ,"NOMAL" ,"2023/05/08 00:41:59" 
"1298" ,"614" ,"NOMAL" ,"2023/05/08 00:42:30" 
"1299" ,"615" ,"NOMAL" ,"2023/05/08 00:43:01" 
"1300" ,"616" ,"NOMAL" ,"2023/05/08 00:43:32" 
"1301" ,"620" ,"NOMAL" ,"2023/05/08 00:44:03" 
"1302" ,"621" ,"NOMAL" ,"2023/05/08 00:44:34" 
"1303" ,"621" ,"NOMAL" ,"2023/05/08 00:45:05" 
"1304" ,"621" ,"NOMAL" ,"2023/05/08 00:45:36" 
"1305" ,"618" ,"NOMAL" ,"2023/05/08 00:46:07" 
"1306" ,"619" ,"NOMAL" ,"2023/05/08 00:46:38" 
"1307" ,"618" ,"NOMAL" ,"2023/05/08 00:47:09" 
"1308" ,"620" ,"NOMAL" ,"2023/05/08 00:47:40" 
"1309" ,"617" ,"NOMAL" ,"2023/05/08 00:48:11" 
"1310" ,"618" ,"NOMAL" ,"2023/05/08 00:48:42" 
"1311" ,"618" ,"NOMAL" ,"2023/05/08 00:49:13" 
"1312" ,"616" ,"NOMAL" ,"2023/05/08 00:49:44" 
"1313" ,"615" ,"NOMAL" ,"2023/05/08 00:50:15" 
"1314" ,"613" ,"NOMAL" ,"2023/05/08 00:50:46" 
"1315" ,"614" ,"NOMAL" ,"2023/05/08 00:51:17" 
"1316" ,"616" ,"NOMAL" ,"2023/05/08 00:51:48" 
"1317" ,"614" ,"NOMAL" ,"2023/05/08 00:52:19" 
"1318" ,"615" ,"NOMAL" ,"2023/05/08 00:52:50" 
"1319" ,"616" ,"NOMAL" ,"2023/05/08 00:53:21" 
"1320" ,"617" ,"NOMAL" ,"2023/05/08 00:53:52" 
"1321" ,"617" ,"NOMAL" ,"2023/05/08 00:54:23" 
"1322" ,"616" ,"NOMAL" ,"2023/05/08 00:54:54" 
"1323" ,"618" ,"NOMAL" ,"2023/05/08 00:55:25" 
"1324" ,"617" ,"NOMAL" ,"2023/05/08 00:55:56" 
"1325" ,"621" ,"NOMAL" ,"2023/05/08 00:56:27" 
"1326" ,"622" ,"NOMAL" ,"2023/05/08 00:56:58" 
"1327" ,"619" ,"NOMAL" ,"2023/05/08 00:57:29" 
"1328" ,"618" ,"NOMAL" ,"2023/05/08 00:58:00" 
"1329" ,"620" ,"NOMAL" ,"2023/05/08 00:58:31" 
"1330" ,"620" ,"NOMAL" ,"2023/05/08 00:59:02" 
"1331" ,"621" ,"NOMAL" ,"2023/05/08 00:59:33" 
"1332" ,"619" ,"NOMAL" ,"2023/05/08 01:00:04" 
"1333" ,"622" ,"NOMAL" ,"2023/05/08 01:00:35" 
"1334" ,"620" ,"NOMAL" ,"2023/05/08 01:01:06" 
"1335" ,"623" ,"NOMAL" ,"2023/05/08 01:01:37" 
"1336" ,"622" ,"NOMAL" ,"2023/05/08 01:02:08" 
"1337" ,"625" ,"NOMAL" ,"2023/05/08 01:02:39" 
"1338" ,"622" ,"NOMAL" ,"2023/05/08 01:03:10" 
"1339" ,"621" ,"NOMAL" ,"2023/05/08 01:03:41" 
"1340" ,"619" ,"NOMAL" ,"2023/05/08 01:04:12" 
"1341" ,"621" ,"NOMAL" ,"2023/05/08 01:04:43" 
"1342" ,"622" ,"NOMAL" ,"2023/05/08 01:05:14" 
"1343" ,"622" ,"NOMAL" ,"2023/05/08 01:05:45" 
"1344" ,"621" ,"NOMAL" ,"2023/05/08 01:06:16" 
"1345" ,"623" ,"NOMAL" ,"2023/05/08 01:06:47" 
"1346" ,"625" ,"NOMAL" ,"2023/05/08 01:07:18" 
"1347" ,"623" ,"NOMAL" ,"2023/05/08 01:07:49" 
"1348" ,"622" ,"NOMAL" ,"2023/05/08 01:08:20" 
"1349" ,"625" ,"NOMAL" ,"2023/05/08 01:08:51" 
"1350" ,"626" ,"NOMAL" ,"2023/05/08 01:09:22" 
"1351" ,"627" ,"NOMAL" ,"2023/05/08 01:09:53" 
"1352" ,"624" ,"NOMAL" ,"2023/05/08 01:10:24" 
"1353" ,"626" ,"NOMAL" ,"2023/05/08 01:10:55" 
"1354" ,"623" ,"NOMAL" ,"2023/05/08 01:11:26" 
"1355" ,"626" ,"NOMAL" ,"2023/05/08 01:11:57" 
"1356" ,"625" ,"NOMAL" ,"2023/05/08 01:12:28" 
"1357" ,"625" ,"NOMAL" ,"2023/05/08 01:12:59" 
"1358" ,"626" ,"NOMAL" ,"2023/05/08 01:13:30" 
"1359" ,"628" ,"NOMAL" ,"2023/05/08 01:14:01" 
"1360" ,"625" ,"NOMAL" ,"2023/05/08 01:14:32" 
"1361" ,"626" ,"NOMAL" ,"2023/05/08 01:15:03" 
"1362" ,"625" ,"NOMAL" ,"2023/05/08 01:15:34" 
"1363" ,"629" ,"NOMAL" ,"2023/05/08 01:16:05" 
"1364" ,"626" ,"NOMAL" ,"2023/05/08 01:16:36" 
"1365" ,"627" ,"NOMAL" ,"2023/05/08 01:17:07" 
"1366" ,"627" ,"NOMAL" ,"2023/05/08 01:17:38" 
"1367" ,"629" ,"NOMAL" ,"2023/05/08 01:18:09" 
"1368" ,"629" ,"NOMAL" ,"2023/05/08 01:18:40" 
"1369" ,"626" ,"NOMAL" ,"2023/05/08 01:19:11" 
"1370" ,"627" ,"NOMAL" ,"2023/05/08 01:19:42" 
"1371" ,"629" ,"NOMAL" ,"2023/05/08 01:20:13" 
"1372" ,"629" ,"NOMAL" ,"2023/05/08 01:20:44" 
"1373" ,"630" ,"NOMAL" ,"2023/05/08 01:21:15" 
"1374" ,"630" ,"NOMAL" ,"2023/05/08 01:21:46" 
"1375" ,"625" ,"NOMAL" ,"2023/05/08 01:22:17" 
"1376" ,"626" ,"NOMAL" ,"2023/05/08 01:22:48" 
"1377" ,"627" ,"NOMAL" ,"2023/05/08 01:23:19" 
"1378" ,"626" ,"NOMAL" ,"2023/05/08 01:23:50" 
"1379" ,"629" ,"NOMAL" ,"2023/05/08 01:24:21" 
"1380" ,"627" ,"NOMAL" ,"2023/05/08 01:24:52" 
"1381" ,"627" ,"NOMAL" ,"2023/05/08 01:25:23" 
"1382" ,"628" ,"NOMAL" ,"2023/05/08 01:25:54" 
"1383" ,"624" ,"NOMAL" ,"2023/05/08 01:26:25" 
"1384" ,"626" ,"NOMAL" ,"2023/05/08 01:26:56" 
"1385" ,"625" ,"NOMAL" ,"2023/05/08 01:27:27" 
"1386" ,"624" ,"NOMAL" ,"2023/05/08 01:27:58" 
"1387" ,"628" ,"NOMAL" ,"2023/05/08 01:28:29" 
"1388" ,"627" ,"NOMAL" ,"2023/05/08 01:29:00" 
"1389" ,"625" ,"NOMAL" ,"2023/05/08 01:29:31" 
"1390" ,"625" ,"NOMAL" ,"2023/05/08 01:30:02" 
"1391" ,"628" ,"NOMAL" ,"2023/05/08 01:30:33" 
"1392" ,"628" ,"NOMAL" ,"2023/05/08 01:31:04" 
"1393" ,"627" ,"NOMAL" ,"2023/05/08 01:31:35" 
"1394" ,"628" ,"NOMAL" ,"2023/05/08 01:32:06" 
"1395" ,"629" ,"NOMAL" ,"2023/05/08 01:32:37" 
"1396" ,"628" ,"NOMAL" ,"2023/05/08 01:33:08" 
"1397" ,"626" ,"NOMAL" ,"2023/05/08 01:33:39" 
"1398" ,"626" ,"NOMAL" ,"2023/05/08 01:34:10" 
"1399" ,"629" ,"NOMAL" ,"2023/05/08 01:34:41" 
"1400" ,"629" ,"NOMAL" ,"2023/05/08 01:35:12" 
"1401" ,"625" ,"NOMAL" ,"2023/05/08 01:35:43" 
"1402" ,"629" ,"NOMAL" ,"2023/05/08 01:36:14" 
"1403" ,"628" ,"NOMAL" ,"2023/05/08 01:36:45" 
"1404" ,"628" ,"NOMAL" ,"2023/05/08 01:37:16" 
"1405" ,"627" ,"NOMAL" ,"2023/05/08 01:37:47" 
"1406" ,"627" ,"NOMAL" ,"2023/05/08 01:38:18" 
"1407" ,"627" ,"NOMAL" ,"2023/05/08 01:38:49" 
"1408" ,"629" ,"NOMAL" ,"2023/05/08 01:39:20" 
"1409" ,"629" ,"NOMAL" ,"2023/05/08 01:39:51" 
"1410" ,"629" ,"NOMAL" ,"2023/05/08 01:40:22" 
"1411" ,"628" ,"NOMAL" ,"2023/05/08 01:40:53" 
"1412" ,"629" ,"NOMAL" ,"2023/05/08 01:41:24" 
"1413" ,"632" ,"NOMAL" ,"2023/05/08 01:41:55" 
"1414" ,"632" ,"NOMAL" ,"2023/05/08 01:42:26" 
"1415" ,"631" ,"NOMAL" ,"2023/05/08 01:42:57" 
"1416" ,"629" ,"NOMAL" ,"2023/05/08 01:43:28" 
"1417" ,"630" ,"NOMAL" ,"2023/05/08 01:43:59" 
"1418" ,"634" ,"NOMAL" ,"2023/05/08 01:44:30" 
"1419" ,"635" ,"NOMAL" ,"2023/05/08 01:45:01" 
"1420" ,"632" ,"NOMAL" ,"2023/05/08 01:45:32" 
"1421" ,"634" ,"NOMAL" ,"2023/05/08 01:46:03" 
"1422" ,"634" ,"NOMAL" ,"2023/05/08 01:46:34" 
"1423" ,"632" ,"NOMAL" ,"2023/05/08 01:47:06" 
"1424" ,"634" ,"NOMAL" ,"2023/05/08 01:47:37" 
"1425" ,"633" ,"NOMAL" ,"2023/05/08 01:48:08" 
"1426" ,"633" ,"NOMAL" ,"2023/05/08 01:48:39" 
"1427" ,"633" ,"NOMAL" ,"2023/05/08 01:49:10" 
"1428" ,"631" ,"NOMAL" ,"2023/05/08 01:49:41" 
"1429" ,"630" ,"NOMAL" ,"2023/05/08 01:50:12" 
"1430" ,"634" ,"NOMAL" ,"2023/05/08 01:50:43" 
"1431" ,"633" ,"NOMAL" ,"2023/05/08 01:51:14" 
"1432" ,"631" ,"NOMAL" ,"2023/05/08 01:51:45" 
"1433" ,"630" ,"NOMAL" ,"2023/05/08 01:52:16" 
"1434" ,"633" ,"NOMAL" ,"2023/05/08 01:52:47" 
"1435" ,"632" ,"NOMAL" ,"2023/05/08 01:53:18" 
"1436" ,"632" ,"NOMAL" ,"2023/05/08 01:53:49" 
"1437" ,"633" ,"NOMAL" ,"2023/05/08 01:54:20" 
"1438" ,"632" ,"NOMAL" ,"2023/05/08 01:54:51" 
"1439" ,"632" ,"NOMAL" ,"2023/05/08 01:55:22" 
"1440" ,"633" ,"NOMAL" ,"2023/05/08 01:55:53" 
"1441" ,"632" ,"NOMAL" ,"2023/05/08 01:56:24" 
"1442" ,"630" ,"NOMAL" ,"2023/05/08 01:56:55" 
"1443" ,"630" ,"NOMAL" ,"2023/05/08 01:57:26" 
"1444" ,"629" ,"NOMAL" ,"2023/05/08 01:57:57" 
"1445" ,"630" ,"NOMAL" ,"2023/05/08 01:58:28" 
"1446" ,"631" ,"NOMAL" ,"2023/05/08 01:58:59" 
"1447" ,"631" ,"NOMAL" ,"2023/05/08 01:59:30" 
"1448" ,"630" ,"NOMAL" ,"2023/05/08 02:00:01" 
"1449" ,"630" ,"NOMAL" ,"2023/05/08 02:00:32" 
"1450" ,"626" ,"NOMAL" ,"2023/05/08 02:01:03" 
"1451" ,"629" ,"NOMAL" ,"2023/05/08 02:01:34" 
"1452" ,"628" ,"NOMAL" ,"2023/05/08 02:02:05" 
"1453" ,"628" ,"NOMAL" ,"2023/05/08 02:02:36" 
"1454" ,"628" ,"NOMAL" ,"2023/05/08 02:03:07" 
"1455" ,"629" ,"NOMAL" ,"2023/05/08 02:03:38" 
"1456" ,"631" ,"NOMAL" ,"2023/05/08 02:04:09" 
"1457" ,"631" ,"NOMAL" ,"2023/05/08 02:04:40" 
"1458" ,"631" ,"NOMAL" ,"2023/05/08 02:05:11" 
"1459" ,"633" ,"NOMAL" ,"2023/05/08 02:05:42" 
"1460" ,"632" ,"NOMAL" ,"2023/05/08 02:06:13" 
"1461" ,"632" ,"NOMAL" ,"2023/05/08 02:06:44" 
"1462" ,"634" ,"NOMAL" ,"2023/05/08 02:07:15" 
"1463" ,"634" ,"NOMAL" ,"2023/05/08 02:07:46" 
"1464" ,"632" ,"NOMAL" ,"2023/05/08 02:08:17" 
"1465" ,"635" ,"NOMAL" ,"2023/05/08 02:08:48" 
"1466" ,"638" ,"NOMAL" ,"2023/05/08 02:09:19" 
"1467" ,"637" ,"NOMAL" ,"2023/05/08 02:09:50" 
"1468" ,"636" ,"NOMAL" ,"2023/05/08 02:10:21" 
"1469" ,"640" ,"NOMAL" ,"2023/05/08 02:10:52" 
"1470" ,"637" ,"NOMAL" ,"2023/05/08 02:11:23" 
"1471" ,"636" ,"NOMAL" ,"2023/05/08 02:11:54" 
"1472" ,"636" ,"NOMAL" ,"2023/05/08 02:12:25" 
"1473" ,"637" ,"NOMAL" ,"2023/05/08 02:12:56" 
"1474" ,"635" ,"NOMAL" ,"2023/05/08 02:13:27" 
"1475" ,"632" ,"NOMAL" ,"2023/05/08 02:13:58" 
"1476" ,"632" ,"NOMAL" ,"2023/05/08 02:14:29" 
"1477" ,"632" ,"NOMAL" ,"2023/05/08 02:15:00" 
"1478" ,"633" ,"NOMAL" ,"2023/05/08 02:15:31" 
"1479" ,"631" ,"NOMAL" ,"2023/05/08 02:16:02" 
"1480" ,"630" ,"NOMAL" ,"2023/05/08 02:16:33" 
"1481" ,"633" ,"NOMAL" ,"2023/05/08 02:17:04" 
"1482" ,"635" ,"NOMAL" ,"2023/05/08 02:17:35" 
"1483" ,"634" ,"NOMAL" ,"2023/05/08 02:18:06" 
"1484" ,"636" ,"NOMAL" ,"2023/05/08 02:18:37" 
"1485" ,"636" ,"NOMAL" ,"2023/05/08 02:19:08" 
"1486" ,"635" ,"NOMAL" ,"2023/05/08 02:19:39" 
"1487" ,"637" ,"NOMAL" ,"2023/05/08 02:20:10" 
"1488" ,"637" ,"NOMAL" ,"2023/05/08 02:20:41" 
"1489" ,"635" ,"NOMAL" ,"2023/05/08 02:21:12" 
"1490" ,"635" ,"NOMAL" ,"2023/05/08 02:21:43" 
"1491" ,"635" ,"NOMAL" ,"2023/05/08 02:22:14" 
"1492" ,"634" ,"NOMAL" ,"2023/05/08 02:22:45" 
"1493" ,"635" ,"NOMAL" ,"2023/05/08 02:23:16" 
"1494" ,"634" ,"NOMAL" ,"2023/05/08 02:23:47" 
"1495" ,"635" ,"NOMAL" ,"2023/05/08 02:24:18" 
"1496" ,"634" ,"NOMAL" ,"2023/05/08 02:24:49" 
"1497" ,"634" ,"NOMAL" ,"2023/05/08 02:25:20" 
"1498" ,"634" ,"NOMAL" ,"2023/05/08 02:25:51" 
"1499" ,"629" ,"NOMAL" ,"2023/05/08 02:26:22" 
"1500" ,"631" ,"NOMAL" ,"2023/05/08 02:26:53" 
"1501" ,"631" ,"NOMAL" ,"2023/05/08 02:27:24" 
"1502" ,"629" ,"NOMAL" ,"2023/05/08 02:27:55" 
"1503" ,"629" ,"NOMAL" ,"2023/05/08 02:28:26" 
"1504" ,"631" ,"NOMAL" ,"2023/05/08 02:28:57" 
"1505" ,"629" ,"NOMAL" ,"2023/05/08 02:29:28" 
"1506" ,"628" ,"NOMAL" ,"2023/05/08 02:29:59" 
"1507" ,"630" ,"NOMAL" ,"2023/05/08 02:30:30" 
"1508" ,"628" ,"NOMAL" ,"2023/05/08 02:31:01" 
"1509" ,"629" ,"NOMAL" ,"2023/05/08 02:31:32" 
"1510" ,"627" ,"NOMAL" ,"2023/05/08 02:32:03" 
"1511" ,"627" ,"NOMAL" ,"2023/05/08 02:32:34" 
"1512" ,"629" ,"NOMAL" ,"2023/05/08 02:33:05" 
"1513" ,"628" ,"NOMAL" ,"2023/05/08 02:33:36" 
"1514" ,"628" ,"NOMAL" ,"2023/05/08 02:34:07" 
"1515" ,"626" ,"NOMAL" ,"2023/05/08 02:34:38" 
"1516" ,"627" ,"NOMAL" ,"2023/05/08 02:35:09" 
"1517" ,"627" ,"NOMAL" ,"2023/05/08 02:35:40" 
"1518" ,"629" ,"NOMAL" ,"2023/05/08 02:36:11" 
"1519" ,"628" ,"NOMAL" ,"2023/05/08 02:36:42" 
"1520" ,"626" ,"NOMAL" ,"2023/05/08 02:37:13" 
"1521" ,"628" ,"NOMAL" ,"2023/05/08 02:37:44" 
"1522" ,"628" ,"NOMAL" ,"2023/05/08 02:38:15" 
"1523" ,"629" ,"NOMAL" ,"2023/05/08 02:38:46" 
"1524" ,"631" ,"NOMAL" ,"2023/05/08 02:39:17" 
"1525" ,"629" ,"NOMAL" ,"2023/05/08 02:39:48" 
"1526" ,"631" ,"NOMAL" ,"2023/05/08 02:40:19" 
"1527" ,"630" ,"NOMAL" ,"2023/05/08 02:40:50" 
"1528" ,"631" ,"NOMAL" ,"2023/05/08 02:41:21" 
"1529" ,"629" ,"NOMAL" ,"2023/05/08 02:41:52" 
"1530" ,"629" ,"NOMAL" ,"2023/05/08 02:42:23" 
"1531" ,"629" ,"NOMAL" ,"2023/05/08 02:42:54" 
"1532" ,"628" ,"NOMAL" ,"2023/05/08 02:43:25" 
"1533" ,"627" ,"NOMAL" ,"2023/05/08 02:43:56" 
"1534" ,"628" ,"NOMAL" ,"2023/05/08 02:44:27" 
"1535" ,"628" ,"NOMAL" ,"2023/05/08 02:44:58" 
"1536" ,"630" ,"NOMAL" ,"2023/05/08 02:45:29" 
"1537" ,"627" ,"NOMAL" ,"2023/05/08 02:46:00" 
"1538" ,"629" ,"NOMAL" ,"2023/05/08 02:46:31" 
"1539" ,"628" ,"NOMAL" ,"2023/05/08 02:47:02" 
"1540" ,"629" ,"NOMAL" ,"2023/05/08 02:47:33" 
"1541" ,"628" ,"NOMAL" ,"2023/05/08 02:48:04" 
"1542" ,"626" ,"NOMAL" ,"2023/05/08 02:48:35" 
"1543" ,"628" ,"NOMAL" ,"2023/05/08 02:49:06" 
"1544" ,"630" ,"NOMAL" ,"2023/05/08 02:49:37" 
"1545" ,"628" ,"NOMAL" ,"2023/05/08 02:50:08" 
"1546" ,"629" ,"NOMAL" ,"2023/05/08 02:50:39" 
"1547" ,"629" ,"NOMAL" ,"2023/05/08 02:51:10" 
"1548" ,"628" ,"NOMAL" ,"2023/05/08 02:51:41" 
"1549" ,"629" ,"NOMAL" ,"2023/05/08 02:52:12" 
"1550" ,"628" ,"NOMAL" ,"2023/05/08 02:52:43" 
"1551" ,"626" ,"NOMAL" ,"2023/05/08 02:53:14" 
"1552" ,"627" ,"NOMAL" ,"2023/05/08 02:53:45" 
"1553" ,"626" ,"NOMAL" ,"2023/05/08 02:54:16" 
"1554" ,"629" ,"NOMAL" ,"2023/05/08 02:54:47" 
"1555" ,"628" ,"NOMAL" ,"2023/05/08 02:55:18" 
"1556" ,"626" ,"NOMAL" ,"2023/05/08 02:55:49" 
"1557" ,"625" ,"NOMAL" ,"2023/05/08 02:56:20" 
"1558" ,"627" ,"NOMAL" ,"2023/05/08 02:56:51" 
"1559" ,"628" ,"NOMAL" ,"2023/05/08 02:57:22" 
"1560" ,"623" ,"NOMAL" ,"2023/05/08 02:57:53" 
"1561" ,"625" ,"NOMAL" ,"2023/05/08 02:58:24" 
"1562" ,"626" ,"NOMAL" ,"2023/05/08 02:58:55" 
"1563" ,"625" ,"NOMAL" ,"2023/05/08 02:59:26" 
"1564" ,"622" ,"NOMAL" ,"2023/05/08 02:59:57" 
"1565" ,"625" ,"NOMAL" ,"2023/05/08 03:00:28" 
"1566" ,"626" ,"NOMAL" ,"2023/05/08 03:00:59" 
"1567" ,"625" ,"NOMAL" ,"2023/05/08 03:01:30" 
"1568" ,"626" ,"NOMAL" ,"2023/05/08 03:02:01" 
"1569" ,"624" ,"NOMAL" ,"2023/05/08 03:02:32" 
"1570" ,"626" ,"NOMAL" ,"2023/05/08 03:03:03" 
"1571" ,"624" ,"NOMAL" ,"2023/05/08 03:03:34" 
"1572" ,"625" ,"NOMAL" ,"2023/05/08 03:04:05" 
"1573" ,"625" ,"NOMAL" ,"2023/05/08 03:04:36" 
"1574" ,"627" ,"NOMAL" ,"2023/05/08 03:05:07" 
"1575" ,"626" ,"NOMAL" ,"2023/05/08 03:05:38" 
"1576" ,"627" ,"NOMAL" ,"2023/05/08 03:06:09" 
"1577" ,"628" ,"NOMAL" ,"2023/05/08 03:06:40" 
"1578" ,"627" ,"NOMAL" ,"2023/05/08 03:07:11" 
"1579" ,"626" ,"NOMAL" ,"2023/05/08 03:07:42" 
"1580" ,"626" ,"NOMAL" ,"2023/05/08 03:08:13" 
"1581" ,"626" ,"NOMAL" ,"2023/05/08 03:08:44" 
"1582" ,"627" ,"NOMAL" ,"2023/05/08 03:09:15" 
"1583" ,"629" ,"NOMAL" ,"2023/05/08 03:09:46" 
"1584" ,"627" ,"NOMAL" ,"2023/05/08 03:10:17" 
"1585" ,"627" ,"NOMAL" ,"2023/05/08 03:10:48" 
"1586" ,"628" ,"NOMAL" ,"2023/05/08 03:11:19" 
"1587" ,"625" ,"NOMAL" ,"2023/05/08 03:11:50" 
"1588" ,"628" ,"NOMAL" ,"2023/05/08 03:12:21" 
"1589" ,"627" ,"NOMAL" ,"2023/05/08 03:12:52" 
"1590" ,"626" ,"NOMAL" ,"2023/05/08 03:13:23" 
"1591" ,"628" ,"NOMAL" ,"2023/05/08 03:13:54" 
"1592" ,"629" ,"NOMAL" ,"2023/05/08 03:14:25" 
"1593" ,"629" ,"NOMAL" ,"2023/05/08 03:14:56" 
"1594" ,"626" ,"NOMAL" ,"2023/05/08 03:15:27" 
"1595" ,"626" ,"NOMAL" ,"2023/05/08 03:15:58" 
"1596" ,"628" ,"NOMAL" ,"2023/05/08 03:16:29" 
"1597" ,"625" ,"NOMAL" ,"2023/05/08 03:17:00" 
"1598" ,"628" ,"NOMAL" ,"2023/05/08 03:17:31" 
"1599" ,"628" ,"NOMAL" ,"2023/05/08 03:18:02" 
"1600" ,"628" ,"NOMAL" ,"2023/05/08 03:18:33" 
"1601" ,"626" ,"NOMAL" ,"2023/05/08 03:19:04" 
"1602" ,"625" ,"NOMAL" ,"2023/05/08 03:19:35" 
"1603" ,"626" ,"NOMAL" ,"2023/05/08 03:20:06" 
"1604" ,"626" ,"NOMAL" ,"2023/05/08 03:20:37" 
"1605" ,"624" ,"NOMAL" ,"2023/05/08 03:21:08" 
"1606" ,"625" ,"NOMAL" ,"2023/05/08 03:21:39" 
"1607" ,"624" ,"NOMAL" ,"2023/05/08 03:22:10" 
"1608" ,"626" ,"NOMAL" ,"2023/05/08 03:22:41" 
"1609" ,"626" ,"NOMAL" ,"2023/05/08 03:23:12" 
"1610" ,"626" ,"NOMAL" ,"2023/05/08 03:23:43" 
"1611" ,"623" ,"NOMAL" ,"2023/05/08 03:24:14" 
"1612" ,"625" ,"NOMAL" ,"2023/05/08 03:24:45" 
"1613" ,"625" ,"NOMAL" ,"2023/05/08 03:25:16" 
"1614" ,"626" ,"NOMAL" ,"2023/05/08 03:25:47" 
"1615" ,"626" ,"NOMAL" ,"2023/05/08 03:26:18" 
"1616" ,"625" ,"NOMAL" ,"2023/05/08 03:26:49" 
"1617" ,"627" ,"NOMAL" ,"2023/05/08 03:27:20" 
"1618" ,"624" ,"NOMAL" ,"2023/05/08 03:27:51" 
"1619" ,"623" ,"NOMAL" ,"2023/05/08 03:28:22" 
"1620" ,"623" ,"NOMAL" ,"2023/05/08 03:28:53" 
"1621" ,"624" ,"NOMAL" ,"2023/05/08 03:29:24" 
"1622" ,"626" ,"NOMAL" ,"2023/05/08 03:29:55" 
"1623" ,"625" ,"NOMAL" ,"2023/05/08 03:30:26" 
"1624" ,"627" ,"NOMAL" ,"2023/05/08 03:30:57" 
"1625" ,"627" ,"NOMAL" ,"2023/05/08 03:31:28" 
"1626" ,"624" ,"NOMAL" ,"2023/05/08 03:31:59" 
"1627" ,"626" ,"NOMAL" ,"2023/05/08 03:32:30" 
"1628" ,"625" ,"NOMAL" ,"2023/05/08 03:33:01" 
"1629" ,"626" ,"NOMAL" ,"2023/05/08 03:33:32" 
"1630" ,"626" ,"NOMAL" ,"2023/05/08 03:34:03" 
"1631" ,"626" ,"NOMAL" ,"2023/05/08 03:34:34" 
"1632" ,"625" ,"NOMAL" ,"2023/05/08 03:35:05" 
"1633" ,"625" ,"NOMAL" ,"2023/05/08 03:35:36" 
"1634" ,"626" ,"NOMAL" ,"2023/05/08 03:36:07" 
"1635" ,"624" ,"NOMAL" ,"2023/05/08 03:36:38" 
"1636" ,"625" ,"NOMAL" ,"2023/05/08 03:37:09" 
"1637" ,"624" ,"NOMAL" ,"2023/05/08 03:37:40" 
"1638" ,"626" ,"NOMAL" ,"2023/05/08 03:38:11" 
"1639" ,"626" ,"NOMAL" ,"2023/05/08 03:38:42" 
"1640" ,"626" ,"NOMAL" ,"2023/05/08 03:39:13" 
"1641" ,"624" ,"NOMAL" ,"2023/05/08 03:39:44" 
"1642" ,"626" ,"NOMAL" ,"2023/05/08 03:40:15" 
"1643" ,"623" ,"NOMAL" ,"2023/05/08 03:40:46" 
"1644" ,"624" ,"NOMAL" ,"2023/05/08 03:41:17" 
"1645" ,"627" ,"NOMAL" ,"2023/05/08 03:41:48" 
"1646" ,"625" ,"NOMAL" ,"2023/05/08 03:42:19" 
"1647" ,"626" ,"NOMAL" ,"2023/05/08 03:42:50" 
"1648" ,"626" ,"NOMAL" ,"2023/05/08 03:43:21" 
"1649" ,"625" ,"NOMAL" ,"2023/05/08 03:43:52" 
"1650" ,"624" ,"NOMAL" ,"2023/05/08 03:44:23" 
"1651" ,"624" ,"NOMAL" ,"2023/05/08 03:44:54" 
"1652" ,"623" ,"NOMAL" ,"2023/05/08 03:45:25" 
"1653" ,"625" ,"NOMAL" ,"2023/05/08 03:45:56" 
"1654" ,"625" ,"NOMAL" ,"2023/05/08 03:46:27" 
"1655" ,"622" ,"NOMAL" ,"2023/05/08 03:46:58" 
"1656" ,"624" ,"NOMAL" ,"2023/05/08 03:47:29" 
"1657" ,"624" ,"NOMAL" ,"2023/05/08 03:48:00" 
"1658" ,"626" ,"NOMAL" ,"2023/05/08 03:48:31" 
"1659" ,"627" ,"NOMAL" ,"2023/05/08 03:49:02" 
"1660" ,"626" ,"NOMAL" ,"2023/05/08 03:49:33" 
"1661" ,"624" ,"NOMAL" ,"2023/05/08 03:50:04" 
"1662" ,"626" ,"NOMAL" ,"2023/05/08 03:50:35" 
"1663" ,"626" ,"NOMAL" ,"2023/05/08 03:51:06" 
"1664" ,"626" ,"NOMAL" ,"2023/05/08 03:51:37" 
"1665" ,"627" ,"NOMAL" ,"2023/05/08 03:52:08" 
"1666" ,"626" ,"NOMAL" ,"2023/05/08 03:52:39" 
"1667" ,"625" ,"NOMAL" ,"2023/05/08 03:53:10" 
"1668" ,"627" ,"NOMAL" ,"2023/05/08 03:53:41" 
"1669" ,"628" ,"NOMAL" ,"2023/05/08 03:54:12" 
"1670" ,"626" ,"NOMAL" ,"2023/05/08 03:54:43" 
"1671" ,"625" ,"NOMAL" ,"2023/05/08 03:55:14" 
"1672" ,"627" ,"NOMAL" ,"2023/05/08 03:55:45" 
"1673" ,"629" ,"NOMAL" ,"2023/05/08 03:56:16" 
"1674" ,"626" ,"NOMAL" ,"2023/05/08 03:56:47" 
"1675" ,"629" ,"NOMAL" ,"2023/05/08 03:57:18" 
"1676" ,"626" ,"NOMAL" ,"2023/05/08 03:57:49" 
"1677" ,"628" ,"NOMAL" ,"2023/05/08 03:58:20" 
"1678" ,"626" ,"NOMAL" ,"2023/05/08 03:58:51" 
"1679" ,"627" ,"NOMAL" ,"2023/05/08 03:59:22" 
"1680" ,"628" ,"NOMAL" ,"2023/05/08 03:59:53" 
"1681" ,"629" ,"NOMAL" ,"2023/05/08 04:00:24" 
"1682" ,"630" ,"NOMAL" ,"2023/05/08 04:00:55" 
"1683" ,"630" ,"NOMAL" ,"2023/05/08 04:01:26" 
"1684" ,"631" ,"NOMAL" ,"2023/05/08 04:01:57" 
"1685" ,"632" ,"NOMAL" ,"2023/05/08 04:02:28" 
"1686" ,"632" ,"NOMAL" ,"2023/05/08 04:02:59" 
"1687" ,"632" ,"NOMAL" ,"2023/05/08 04:03:30" 
"1688" ,"628" ,"NOMAL" ,"2023/05/08 04:04:01" 
"1689" ,"632" ,"NOMAL" ,"2023/05/08 04:04:32" 
"1690" ,"630" ,"NOMAL" ,"2023/05/08 04:05:03" 
"1691" ,"626" ,"NOMAL" ,"2023/05/08 04:05:34" 
"1692" ,"630" ,"NOMAL" ,"2023/05/08 04:06:05" 
"1693" ,"632" ,"NOMAL" ,"2023/05/08 04:06:36" 
"1694" ,"630" ,"NOMAL" ,"2023/05/08 04:07:07" 
"1695" ,"631" ,"NOMAL" ,"2023/05/08 04:07:38" 
"1696" ,"631" ,"NOMAL" ,"2023/05/08 04:08:09" 
"1697" ,"631" ,"NOMAL" ,"2023/05/08 04:08:40" 
"1698" ,"632" ,"NOMAL" ,"2023/05/08 04:09:11" 
"1699" ,"629" ,"NOMAL" ,"2023/05/08 04:09:42" 
"1700" ,"631" ,"NOMAL" ,"2023/05/08 04:10:13" 
"1701" ,"631" ,"NOMAL" ,"2023/05/08 04:10:44" 
"1702" ,"633" ,"NOMAL" ,"2023/05/08 04:11:15" 
"1703" ,"630" ,"NOMAL" ,"2023/05/08 04:11:46" 
"1704" ,"631" ,"NOMAL" ,"2023/05/08 04:12:18" 
"1705" ,"631" ,"NOMAL" ,"2023/05/08 04:12:49" 
"1706" ,"632" ,"NOMAL" ,"2023/05/08 04:13:20" 
"1707" ,"632" ,"NOMAL" ,"2023/05/08 04:13:51" 
"1708" ,"631" ,"NOMAL" ,"2023/05/08 04:14:22" 
"1709" ,"630" ,"NOMAL" ,"2023/05/08 04:14:53" 
"1710" ,"631" ,"NOMAL" ,"2023/05/08 04:15:24" 
"1711" ,"629" ,"NOMAL" ,"2023/05/08 04:15:55" 
"1712" ,"628" ,"NOMAL" ,"2023/05/08 04:16:26" 
"1713" ,"632" ,"NOMAL" ,"2023/05/08 04:16:57" 
"1714" ,"629" ,"NOMAL" ,"2023/05/08 04:17:28" 
"1715" ,"631" ,"NOMAL" ,"2023/05/08 04:17:59" 
"1716" ,"631" ,"NOMAL" ,"2023/05/08 04:18:30" 
"1717" ,"632" ,"NOMAL" ,"2023/05/08 04:19:01" 
"1718" ,"632" ,"NOMAL" ,"2023/05/08 04:19:32" 
"1719" ,"632" ,"NOMAL" ,"2023/05/08 04:20:03" 
"1720" ,"632" ,"NOMAL" ,"2023/05/08 04:20:34" 
"1721" ,"629" ,"NOMAL" ,"2023/05/08 04:21:05" 
"1722" ,"627" ,"NOMAL" ,"2023/05/08 04:21:36" 
"1723" ,"629" ,"NOMAL" ,"2023/05/08 04:22:07" 
"1724" ,"629" ,"NOMAL" ,"2023/05/08 04:22:38" 
"1725" ,"627" ,"NOMAL" ,"2023/05/08 04:23:09" 
"1726" ,"630" ,"NOMAL" ,"2023/05/08 04:23:40" 
"1727" ,"630" ,"NOMAL" ,"2023/05/08 04:24:11" 
"1728" ,"630" ,"NOMAL" ,"2023/05/08 04:24:42" 
"1729" ,"630" ,"NOMAL" ,"2023/05/08 04:25:13" 
"1730" ,"628" ,"NOMAL" ,"2023/05/08 04:25:44" 
"1731" ,"630" ,"NOMAL" ,"2023/05/08 04:26:15" 
"1732" ,"632" ,"NOMAL" ,"2023/05/08 04:26:46" 
"1733" ,"632" ,"NOMAL" ,"2023/05/08 04:27:17" 
"1734" ,"633" ,"NOMAL" ,"2023/05/08 04:27:48" 
"1735" ,"629" ,"NOMAL" ,"2023/05/08 04:28:19" 
"1736" ,"634" ,"NOMAL" ,"2023/05/08 04:28:50" 
"1737" ,"632" ,"NOMAL" ,"2023/05/08 04:29:21" 
"1738" ,"632" ,"NOMAL" ,"2023/05/08 04:29:52" 
"1739" ,"633" ,"NOMAL" ,"2023/05/08 04:30:23" 
"1740" ,"633" ,"NOMAL" ,"2023/05/08 04:30:54" 
"1741" ,"633" ,"NOMAL" ,"2023/05/08 04:31:25" 
"1742" ,"634" ,"NOMAL" ,"2023/05/08 04:31:56" 
"1743" ,"632" ,"NOMAL" ,"2023/05/08 04:32:27" 
"1744" ,"633" ,"NOMAL" ,"2023/05/08 04:32:58" 
"1745" ,"632" ,"NOMAL" ,"2023/05/08 04:33:29" 
"1746" ,"632" ,"NOMAL" ,"2023/05/08 04:34:00" 
"1747" ,"634" ,"NOMAL" ,"2023/05/08 04:34:31" 
"1748" ,"634" ,"NOMAL" ,"2023/05/08 04:35:02" 
"1749" ,"636" ,"NOMAL" ,"2023/05/08 04:35:33" 
"1750" ,"634" ,"NOMAL" ,"2023/05/08 04:36:04" 
"1751" ,"638" ,"NOMAL" ,"2023/05/08 04:36:35" 
"1752" ,"636" ,"NOMAL" ,"2023/05/08 04:37:06" 
"1753" ,"636" ,"NOMAL" ,"2023/05/08 04:37:37" 
"1754" ,"635" ,"NOMAL" ,"2023/05/08 04:38:08" 
"1755" ,"635" ,"NOMAL" ,"2023/05/08 04:38:39" 
"1756" ,"636" ,"NOMAL" ,"2023/05/08 04:39:10" 
"1757" ,"634" ,"NOMAL" ,"2023/05/08 04:39:41" 
"1758" ,"633" ,"NOMAL" ,"2023/05/08 04:40:12" 
"1759" ,"634" ,"NOMAL" ,"2023/05/08 04:40:43" 
"1760" ,"633" ,"NOMAL" ,"2023/05/08 04:41:14" 
"1761" ,"632" ,"NOMAL" ,"2023/05/08 04:41:45" 
"1762" ,"633" ,"NOMAL" ,"2023/05/08 04:42:16" 
"1763" ,"631" ,"NOMAL" ,"2023/05/08 04:42:47" 
"1764" ,"630" ,"NOMAL" ,"2023/05/08 04:43:18" 
"1765" ,"629" ,"NOMAL" ,"2023/05/08 04:43:49" 
"1766" ,"632" ,"NOMAL" ,"2023/05/08 04:44:20" 
"1767" ,"629" ,"NOMAL" ,"2023/05/08 04:44:51" 
"1768" ,"629" ,"NOMAL" ,"2023/05/08 04:45:22" 
"1769" ,"631" ,"NOMAL" ,"2023/05/08 04:45:53" 
"1770" ,"631" ,"NOMAL" ,"2023/05/08 04:46:24" 
"1771" ,"630" ,"NOMAL" ,"2023/05/08 04:46:55" 
"1772" ,"629" ,"NOMAL" ,"2023/05/08 04:47:26" 
"1773" ,"631" ,"NOMAL" ,"2023/05/08 04:47:57" 
"1774" ,"631" ,"NOMAL" ,"2023/05/08 04:48:28" 
"1775" ,"631" ,"NOMAL" ,"2023/05/08 04:48:59" 
"1776" ,"629" ,"NOMAL" ,"2023/05/08 04:49:30" 
"1777" ,"632" ,"NOMAL" ,"2023/05/08 04:50:01" 
"1778" ,"634" ,"NOMAL" ,"2023/05/08 04:50:32" 
"1779" ,"635" ,"NOMAL" ,"2023/05/08 04:51:03" 
"1780" ,"632" ,"NOMAL" ,"2023/05/08 04:51:34" 
"1781" ,"630" ,"NOMAL" ,"2023/05/08 04:52:05" 
"1782" ,"633" ,"NOMAL" ,"2023/05/08 04:52:36" 
"1783" ,"632" ,"NOMAL" ,"2023/05/08 04:53:07" 
"1784" ,"630" ,"NOMAL" ,"2023/05/08 04:53:38" 
"1785" ,"631" ,"NOMAL" ,"2023/05/08 04:54:09" 
"1786" ,"628" ,"NOMAL" ,"2023/05/08 04:54:40" 
"1787" ,"630" ,"NOMAL" ,"2023/05/08 04:55:11" 
"1788" ,"629" ,"NOMAL" ,"2023/05/08 04:55:42" 
"1789" ,"631" ,"NOMAL" ,"2023/05/08 04:56:13" 
"1790" ,"634" ,"NOMAL" ,"2023/05/08 04:56:44" 
"1791" ,"632" ,"NOMAL" ,"2023/05/08 04:57:15" 
"1792" ,"633" ,"NOMAL" ,"2023/05/08 04:57:46" 
"1793" ,"634" ,"NOMAL" ,"2023/05/08 04:58:17" 
"1794" ,"633" ,"NOMAL" ,"2023/05/08 04:58:48" 
"1795" ,"630" ,"NOMAL" ,"2023/05/08 04:59:19" 
"1796" ,"632" ,"NOMAL" ,"2023/05/08 04:59:50" 
"1797" ,"633" ,"NOMAL" ,"2023/05/08 05:00:21" 
"1798" ,"632" ,"NOMAL" ,"2023/05/08 05:00:52" 
"1799" ,"632" ,"NOMAL" ,"2023/05/08 05:01:23" 
"1800" ,"631" ,"NOMAL" ,"2023/05/08 05:01:54" 
"1801" ,"631" ,"NOMAL" ,"2023/05/08 05:02:25" 
"1802" ,"630" ,"NOMAL" ,"2023/05/08 05:02:56" 
"1803" ,"633" ,"NOMAL" ,"2023/05/08 05:03:27" 
"1804" ,"631" ,"NOMAL" ,"2023/05/08 05:03:58" 
"1805" ,"633" ,"NOMAL" ,"2023/05/08 05:04:29" 
"1806" ,"635" ,"NOMAL" ,"2023/05/08 05:05:00" 
"1807" ,"632" ,"NOMAL" ,"2023/05/08 05:05:31" 
"1808" ,"635" ,"NOMAL" ,"2023/05/08 05:06:02" 
"1809" ,"637" ,"NOMAL" ,"2023/05/08 05:06:33" 
"1810" ,"635" ,"NOMAL" ,"2023/05/08 05:07:04" 
"1811" ,"635" ,"NOMAL" ,"2023/05/08 05:07:35" 
"1812" ,"636" ,"NOMAL" ,"2023/05/08 05:08:06" 
"1813" ,"634" ,"NOMAL" ,"2023/05/08 05:08:37" 
"1814" ,"635" ,"NOMAL" ,"2023/05/08 05:09:08" 
"1815" ,"634" ,"NOMAL" ,"2023/05/08 05:09:39" 
"1816" ,"632" ,"NOMAL" ,"2023/05/08 05:10:10" 
"1817" ,"634" ,"NOMAL" ,"2023/05/08 05:10:41" 
"1818" ,"634" ,"NOMAL" ,"2023/05/08 05:11:12" 
"1819" ,"629" ,"NOMAL" ,"2023/05/08 05:11:43" 
"1820" ,"630" ,"NOMAL" ,"2023/05/08 05:12:14" 
"1821" ,"631" ,"NOMAL" ,"2023/05/08 05:12:45" 
"1822" ,"631" ,"NOMAL" ,"2023/05/08 05:13:16" 
"1823" ,"630" ,"NOMAL" ,"2023/05/08 05:13:47" 
"1824" ,"629" ,"NOMAL" ,"2023/05/08 05:14:18" 
"1825" ,"628" ,"NOMAL" ,"2023/05/08 05:14:49" 
"1826" ,"628" ,"NOMAL" ,"2023/05/08 05:15:20" 
"1827" ,"628" ,"NOMAL" ,"2023/05/08 05:15:51" 
"1828" ,"629" ,"NOMAL" ,"2023/05/08 05:16:22" 
"1829" ,"629" ,"NOMAL" ,"2023/05/08 05:16:53" 
"1830" ,"628" ,"NOMAL" ,"2023/05/08 05:17:24" 
"1831" ,"629" ,"NOMAL" ,"2023/05/08 05:17:55" 
"1832" ,"630" ,"NOMAL" ,"2023/05/08 05:18:26" 
"1833" ,"629" ,"NOMAL" ,"2023/05/08 05:18:57" 
"1834" ,"625" ,"NOMAL" ,"2023/05/08 05:19:28" 
"1835" ,"627" ,"NOMAL" ,"2023/05/08 05:19:59" 
"1836" ,"624" ,"NOMAL" ,"2023/05/08 05:20:30" 
"1837" ,"626" ,"NOMAL" ,"2023/05/08 05:21:01" 
"1838" ,"626" ,"NOMAL" ,"2023/05/08 05:21:32" 
"1839" ,"623" ,"NOMAL" ,"2023/05/08 05:22:03" 
"1840" ,"624" ,"NOMAL" ,"2023/05/08 05:22:34" 
"1841" ,"625" ,"NOMAL" ,"2023/05/08 05:23:05" 
"1842" ,"624" ,"NOMAL" ,"2023/05/08 05:23:36" 
"1843" ,"622" ,"NOMAL" ,"2023/05/08 05:24:07" 
"1844" ,"623" ,"NOMAL" ,"2023/05/08 05:24:38" 
"1845" ,"623" ,"NOMAL" ,"2023/05/08 05:25:09" 
"1846" ,"623" ,"NOMAL" ,"2023/05/08 05:25:40" 
"1847" ,"624" ,"NOMAL" ,"2023/05/08 05:26:11" 
"1848" ,"620" ,"NOMAL" ,"2023/05/08 05:26:42" 
"1849" ,"621" ,"NOMAL" ,"2023/05/08 05:27:13" 
"1850" ,"619" ,"NOMAL" ,"2023/05/08 05:27:44" 
"1851" ,"623" ,"NOMAL" ,"2023/05/08 05:28:15" 
"1852" ,"623" ,"NOMAL" ,"2023/05/08 05:28:46" 
"1853" ,"620" ,"NOMAL" ,"2023/05/08 05:29:17" 
"1854" ,"620" ,"NOMAL" ,"2023/05/08 05:29:48" 
"1855" ,"623" ,"NOMAL" ,"2023/05/08 05:30:19" 
"1856" ,"622" ,"NOMAL" ,"2023/05/08 05:30:50" 
"1857" ,"621" ,"NOMAL" ,"2023/05/08 05:31:21" 
"1858" ,"622" ,"NOMAL" ,"2023/05/08 05:31:52" 
"1859" ,"622" ,"NOMAL" ,"2023/05/08 05:32:23" 
"1860" ,"621" ,"NOMAL" ,"2023/05/08 05:32:54" 
"1861" ,"619" ,"NOMAL" ,"2023/05/08 05:33:25" 
"1862" ,"622" ,"NOMAL" ,"2023/05/08 05:33:56" 
"1863" ,"619" ,"NOMAL" ,"2023/05/08 05:34:27" 
"1864" ,"618" ,"NOMAL" ,"2023/05/08 05:34:58" 
"1865" ,"619" ,"NOMAL" ,"2023/05/08 05:35:29" 
"1866" ,"619" ,"NOMAL" ,"2023/05/08 05:36:00" 
"1867" ,"619" ,"NOMAL" ,"2023/05/08 05:36:31" 
"1868" ,"622" ,"NOMAL" ,"2023/05/08 05:37:02" 
"1869" ,"617" ,"NOMAL" ,"2023/05/08 05:37:33" 
"1870" ,"621" ,"NOMAL" ,"2023/05/08 05:38:04" 
"1871" ,"619" ,"NOMAL" ,"2023/05/08 05:38:35" 
"1872" ,"618" ,"NOMAL" ,"2023/05/08 05:39:06" 
"1873" ,"619" ,"NOMAL" ,"2023/05/08 05:39:37" 
"1874" ,"620" ,"NOMAL" ,"2023/05/08 05:40:08" 
"1875" ,"620" ,"NOMAL" ,"2023/05/08 05:40:39" 
"1876" ,"618" ,"NOMAL" ,"2023/05/08 05:41:10" 
"1877" ,"617" ,"NOMAL" ,"2023/05/08 05:41:41" 
"1878" ,"617" ,"NOMAL" ,"2023/05/08 05:42:12" 
"1879" ,"615" ,"NOMAL" ,"2023/05/08 05:42:43" 
"1880" ,"616" ,"NOMAL" ,"2023/05/08 05:43:14" 
"1881" ,"617" ,"NOMAL" ,"2023/05/08 05:43:45" 
"1882" ,"620" ,"NOMAL" ,"2023/05/08 05:44:16" 
"1883" ,"620" ,"NOMAL" ,"2023/05/08 05:44:47" 
"1884" ,"620" ,"NOMAL" ,"2023/05/08 05:45:18" 
"1885" ,"620" ,"NOMAL" ,"2023/05/08 05:45:49" 
"1886" ,"618" ,"NOMAL" ,"2023/05/08 05:46:20" 
"1887" ,"619" ,"NOMAL" ,"2023/05/08 05:46:51" 
"1888" ,"618" ,"NOMAL" ,"2023/05/08 05:47:22" 
"1889" ,"619" ,"NOMAL" ,"2023/05/08 05:47:53" 
"1890" ,"618" ,"NOMAL" ,"2023/05/08 05:48:24" 
"1891" ,"619" ,"NOMAL" ,"2023/05/08 05:48:55" 
"1892" ,"620" ,"NOMAL" ,"2023/05/08 05:49:26" 
"1893" ,"616" ,"NOMAL" ,"2023/05/08 05:49:57" 
"1894" ,"618" ,"NOMAL" ,"2023/05/08 05:50:28" 
"1895" ,"619" ,"NOMAL" ,"2023/05/08 05:50:59" 
"1896" ,"617" ,"NOMAL" ,"2023/05/08 05:51:30" 
"1897" ,"619" ,"NOMAL" ,"2023/05/08 05:52:01" 
"1898" ,"622" ,"NOMAL" ,"2023/05/08 05:52:32" 
"1899" ,"621" ,"NOMAL" ,"2023/05/08 05:53:03" 
"1900" ,"622" ,"NOMAL" ,"2023/05/08 05:53:34" 
"1901" ,"618" ,"NOMAL" ,"2023/05/08 05:54:05" 
"1902" ,"618" ,"NOMAL" ,"2023/05/08 05:54:36" 
"1903" ,"619" ,"NOMAL" ,"2023/05/08 05:55:07" 
"1904" ,"621" ,"NOMAL" ,"2023/05/08 05:55:38" 
"1905" ,"625" ,"NOMAL" ,"2023/05/08 05:56:09" 
"1906" ,"625" ,"NOMAL" ,"2023/05/08 05:56:40" 
"1907" ,"624" ,"NOMAL" ,"2023/05/08 05:57:11" 
"1908" ,"625" ,"NOMAL" ,"2023/05/08 05:57:42" 
"1909" ,"626" ,"NOMAL" ,"2023/05/08 05:58:13" 
"1910" ,"629" ,"NOMAL" ,"2023/05/08 05:58:44" 
"1911" ,"626" ,"NOMAL" ,"2023/05/08 05:59:15" 
"1912" ,"625" ,"NOMAL" ,"2023/05/08 05:59:46" 
"1913" ,"624" ,"NOMAL" ,"2023/05/08 06:00:17" 
"1914" ,"623" ,"NOMAL" ,"2023/05/08 06:00:48" 
"1915" ,"623" ,"NOMAL" ,"2023/05/08 06:01:19" 
"1916" ,"623" ,"NOMAL" ,"2023/05/08 06:01:50" 
"1917" ,"625" ,"NOMAL" ,"2023/05/08 06:02:21" 
"1918" ,"621" ,"NOMAL" ,"2023/05/08 06:02:52" 
"1919" ,"621" ,"NOMAL" ,"2023/05/08 06:03:23" 
"1920" ,"623" ,"NOMAL" ,"2023/05/08 06:03:54" 
"1921" ,"623" ,"NOMAL" ,"2023/05/08 06:04:25" 
"1922" ,"623" ,"NOMAL" ,"2023/05/08 06:04:56" 
"1923" ,"621" ,"NOMAL" ,"2023/05/08 06:05:27" 
"1924" ,"621" ,"NOMAL" ,"2023/05/08 06:05:58" 
"1925" ,"625" ,"NOMAL" ,"2023/05/08 06:06:29" 
"1926" ,"622" ,"NOMAL" ,"2023/05/08 06:07:00" 
"1927" ,"622" ,"NOMAL" ,"2023/05/08 06:07:31" 
"1928" ,"622" ,"NOMAL" ,"2023/05/08 06:08:02" 
"1929" ,"623" ,"NOMAL" ,"2023/05/08 06:08:33" 
"1930" ,"625" ,"NOMAL" ,"2023/05/08 06:09:04" 
"1931" ,"626" ,"NOMAL" ,"2023/05/08 06:09:35" 
"1932" ,"625" ,"NOMAL" ,"2023/05/08 06:10:06" 
"1933" ,"625" ,"NOMAL" ,"2023/05/08 06:10:37" 
"1934" ,"623" ,"NOMAL" ,"2023/05/08 06:11:08" 
"1935" ,"625" ,"NOMAL" ,"2023/05/08 06:11:39" 
"1936" ,"620" ,"NOMAL" ,"2023/05/08 06:12:10" 
"1937" ,"623" ,"NOMAL" ,"2023/05/08 06:12:41" 
"1938" ,"623" ,"NOMAL" ,"2023/05/08 06:13:12" 
"1939" ,"620" ,"NOMAL" ,"2023/05/08 06:13:43" 
"1940" ,"620" ,"NOMAL" ,"2023/05/08 06:14:14" 
"1941" ,"622" ,"NOMAL" ,"2023/05/08 06:14:45" 
"1942" ,"622" ,"NOMAL" ,"2023/05/08 06:15:16" 
"1943" ,"620" ,"NOMAL" ,"2023/05/08 06:15:47" 
"1944" ,"622" ,"NOMAL" ,"2023/05/08 06:16:18" 
"1945" ,"620" ,"NOMAL" ,"2023/05/08 06:16:49" 
"1946" ,"623" ,"NOMAL" ,"2023/05/08 06:17:20" 
"1947" ,"621" ,"NOMAL" ,"2023/05/08 06:17:51" 
"1948" ,"624" ,"NOMAL" ,"2023/05/08 06:18:22" 
"1949" ,"620" ,"NOMAL" ,"2023/05/08 06:18:53" 
"1950" ,"621" ,"NOMAL" ,"2023/05/08 06:19:24" 
"1951" ,"620" ,"NOMAL" ,"2023/05/08 06:19:55" 
"1952" ,"622" ,"NOMAL" ,"2023/05/08 06:20:26" 
"1953" ,"622" ,"NOMAL" ,"2023/05/08 06:20:57" 
"1954" ,"620" ,"NOMAL" ,"2023/05/08 06:21:28" 
"1955" ,"621" ,"NOMAL" ,"2023/05/08 06:21:59" 
"1956" ,"621" ,"NOMAL" ,"2023/05/08 06:22:30" 
"1957" ,"621" ,"NOMAL" ,"2023/05/08 06:23:01" 
"1958" ,"621" ,"NOMAL" ,"2023/05/08 06:23:32" 
"1959" ,"621" ,"NOMAL" ,"2023/05/08 06:24:03" 
"1960" ,"623" ,"NOMAL" ,"2023/05/08 06:24:34" 
"1961" ,"622" ,"NOMAL" ,"2023/05/08 06:25:05" 
"1962" ,"621" ,"NOMAL" ,"2023/05/08 06:25:36" 
"1963" ,"622" ,"NOMAL" ,"2023/05/08 06:26:07" 
"1964" ,"622" ,"NOMAL" ,"2023/05/08 06:26:38" 
"1965" ,"621" ,"NOMAL" ,"2023/05/08 06:27:09" 
"1966" ,"622" ,"NOMAL" ,"2023/05/08 06:27:40" 
"1967" ,"621" ,"NOMAL" ,"2023/05/08 06:28:11" 
"1968" ,"621" ,"NOMAL" ,"2023/05/08 06:28:42" 
"1969" ,"621" ,"NOMAL" ,"2023/05/08 06:29:13" 
"1970" ,"621" ,"NOMAL" ,"2023/05/08 06:29:44" 
"1971" ,"621" ,"NOMAL" ,"2023/05/08 06:30:15" 
"1972" ,"621" ,"NOMAL" ,"2023/05/08 06:30:46" 
"1973" ,"622" ,"NOMAL" ,"2023/05/08 06:31:17" 
"1974" ,"620" ,"NOMAL" ,"2023/05/08 06:31:48" 
"1975" ,"620" ,"NOMAL" ,"2023/05/08 06:32:19" 
"1976" ,"620" ,"NOMAL" ,"2023/05/08 06:32:50" 
"1977" ,"618" ,"NOMAL" ,"2023/05/08 06:33:21" 
"1978" ,"621" ,"NOMAL" ,"2023/05/08 06:33:52" 
"1979" ,"621" ,"NOMAL" ,"2023/05/08 06:34:23" 
"1980" ,"621" ,"NOMAL" ,"2023/05/08 06:34:54" 
"1981" ,"620" ,"NOMAL" ,"2023/05/08 06:35:25" 
"1982" ,"619" ,"NOMAL" ,"2023/05/08 06:35:56" 
"1983" ,"621" ,"NOMAL" ,"2023/05/08 06:36:27" 
"1984" ,"621" ,"NOMAL" ,"2023/05/08 06:36:58" 
"1985" ,"621" ,"NOMAL" ,"2023/05/08 06:37:30" 
"1986" ,"618" ,"NOMAL" ,"2023/05/08 06:38:01" 
"1987" ,"619" ,"NOMAL" ,"2023/05/08 06:38:32" 
"1988" ,"622" ,"NOMAL" ,"2023/05/08 06:39:03" 
"1989" ,"621" ,"NOMAL" ,"2023/05/08 06:39:34" 
"1990" ,"618" ,"NOMAL" ,"2023/05/08 06:40:05" 
"1991" ,"617" ,"NOMAL" ,"2023/05/08 06:40:36" 
"1992" ,"618" ,"NOMAL" ,"2023/05/08 06:41:07" 
"1993" ,"620" ,"NOMAL" ,"2023/05/08 06:41:38" 
"1994" ,"616" ,"NOMAL" ,"2023/05/08 06:42:09" 
"1995" ,"617" ,"NOMAL" ,"2023/05/08 06:42:40" 
"1996" ,"617" ,"NOMAL" ,"2023/05/08 06:43:11" 
"1997" ,"616" ,"NOMAL" ,"2023/05/08 06:43:42" 
"1998" ,"616" ,"NOMAL" ,"2023/05/08 06:44:13" 
"1999" ,"616" ,"NOMAL" ,"2023/05/08 06:44:44" 
"2000" ,"616" ,"NOMAL" ,"2023/05/08 06:45:15" 
"2001" ,"617" ,"NOMAL" ,"2023/05/08 06:45:46" 
"2002" ,"616" ,"NOMAL" ,"2023/05/08 06:46:17" 
"2003" ,"615" ,"NOMAL" ,"2023/05/08 06:46:48" 
"2004" ,"616" ,"NOMAL" ,"2023/05/08 06:47:19" 
"2005" ,"619" ,"NOMAL" ,"2023/05/08 06:47:50" 
"2006" ,"616" ,"NOMAL" ,"2023/05/08 06:48:21" 
"2007" ,"614" ,"NOMAL" ,"2023/05/08 06:48:52" 
"2008" ,"617" ,"NOMAL" ,"2023/05/08 06:49:23" 
"2009" ,"617" ,"NOMAL" ,"2023/05/08 06:49:54" 
"2010" ,"619" ,"NOMAL" ,"2023/05/08 06:50:25" 
"2011" ,"618" ,"NOMAL" ,"2023/05/08 06:50:56" 
"2012" ,"617" ,"NOMAL" ,"2023/05/08 06:51:27" 
"2013" ,"615" ,"NOMAL" ,"2023/05/08 06:51:58" 
"2014" ,"618" ,"NOMAL" ,"2023/05/08 06:52:29" 
"2015" ,"616" ,"NOMAL" ,"2023/05/08 06:53:00" 
"2016" ,"616" ,"NOMAL" ,"2023/05/08 06:53:31" 
"2017" ,"617" ,"NOMAL" ,"2023/05/08 06:54:02" 
"2018" ,"617" ,"NOMAL" ,"2023/05/08 06:54:33" 
"2019" ,"616" ,"NOMAL" ,"2023/05/08 06:55:04" 
"2020" ,"619" ,"NOMAL" ,"2023/05/08 06:55:35" 
"2021" ,"619" ,"NOMAL" ,"2023/05/08 06:56:06" 
"2022" ,"617" ,"NOMAL" ,"2023/05/08 06:56:37" 
"2023" ,"618" ,"NOMAL" ,"2023/05/08 06:57:08" 
"2024" ,"620" ,"NOMAL" ,"2023/05/08 06:57:39" 
"2025" ,"620" ,"NOMAL" ,"2023/05/08 06:58:10" 
"2026" ,"620" ,"NOMAL" ,"2023/05/08 06:58:41" 
"2027" ,"618" ,"NOMAL" ,"2023/05/08 06:59:12" 
"2028" ,"618" ,"NOMAL" ,"2023/05/08 06:59:43" 
"2029" ,"617" ,"NOMAL" ,"2023/05/08 07:00:14" 
"2030" ,"620" ,"NOMAL" ,"2023/05/08 07:00:45" 
"2031" ,"621" ,"NOMAL" ,"2023/05/08 07:01:16" 
"2032" ,"621" ,"NOMAL" ,"2023/05/08 07:01:47" 
"2033" ,"621" ,"NOMAL" ,"2023/05/08 07:02:18" 
"2034" ,"620" ,"NOMAL" ,"2023/05/08 07:02:49" 
"2035" ,"618" ,"NOMAL" ,"2023/05/08 07:03:20" 
"2036" ,"617" ,"NOMAL" ,"2023/05/08 07:03:51" 
"2037" ,"619" ,"NOMAL" ,"2023/05/08 07:04:22" 
"2038" ,"615" ,"NOMAL" ,"2023/05/08 07:04:53" 
"2039" ,"615" ,"NOMAL" ,"2023/05/08 07:05:24" 
"2040" ,"615" ,"NOMAL" ,"2023/05/08 07:05:55" 
"2041" ,"617" ,"NOMAL" ,"2023/05/08 07:06:26" 
"2042" ,"616" ,"NOMAL" ,"2023/05/08 07:06:57" 
"2043" ,"615" ,"NOMAL" ,"2023/05/08 07:07:28" 
"2044" ,"617" ,"NOMAL" ,"2023/05/08 07:07:59" 
"2045" ,"616" ,"NOMAL" ,"2023/05/08 07:08:30" 
"2046" ,"614" ,"NOMAL" ,"2023/05/08 07:09:01" 
"2047" ,"613" ,"NOMAL" ,"2023/05/08 07:09:32" 
"2048" ,"615" ,"NOMAL" ,"2023/05/08 07:10:03" 
"2049" ,"615" ,"NOMAL" ,"2023/05/08 07:10:34" 
"2050" ,"616" ,"NOMAL" ,"2023/05/08 07:11:05" 
"2051" ,"616" ,"NOMAL" ,"2023/05/08 07:11:36" 
"2052" ,"615" ,"NOMAL" ,"2023/05/08 07:12:07" 
"2053" ,"613" ,"NOMAL" ,"2023/05/08 07:12:38" 
"2054" ,"613" ,"NOMAL" ,"2023/05/08 07:13:09" 
"2055" ,"617" ,"NOMAL" ,"2023/05/08 07:13:40" 
"2056" ,"614" ,"NOMAL" ,"2023/05/08 07:14:11" 
"2057" ,"613" ,"NOMAL" ,"2023/05/08 07:14:42" 
"2058" ,"614" ,"NOMAL" ,"2023/05/08 07:15:13" 
"2059" ,"616" ,"NOMAL" ,"2023/05/08 07:15:44" 
"2060" ,"614" ,"NOMAL" ,"2023/05/08 07:16:15" 
"2061" ,"617" ,"NOMAL" ,"2023/05/08 07:16:46" 
"2062" ,"613" ,"NOMAL" ,"2023/05/08 07:17:17" 
"2063" ,"615" ,"NOMAL" ,"2023/05/08 07:17:48" 
"2064" ,"615" ,"NOMAL" ,"2023/05/08 07:18:19" 
"2065" ,"616" ,"NOMAL" ,"2023/05/08 07:18:50" 
"2066" ,"616" ,"NOMAL" ,"2023/05/08 07:19:21" 
"2067" ,"615" ,"NOMAL" ,"2023/05/08 07:19:52" 
"2068" ,"614" ,"NOMAL" ,"2023/05/08 07:20:23" 
"2069" ,"612" ,"NOMAL" ,"2023/05/08 07:20:54" 
"2070" ,"615" ,"NOMAL" ,"2023/05/08 07:21:25" 
"2071" ,"612" ,"NOMAL" ,"2023/05/08 07:21:56" 
"2072" ,"615" ,"NOMAL" ,"2023/05/08 07:22:27" 
"2073" ,"612" ,"NOMAL" ,"2023/05/08 07:22:58" 
"2074" ,"614" ,"NOMAL" ,"2023/05/08 07:23:29" 
"2075" ,"612" ,"NOMAL" ,"2023/05/08 07:24:00" 
"2076" ,"611" ,"NOMAL" ,"2023/05/08 07:24:31" 
"2077" ,"615" ,"NOMAL" ,"2023/05/08 07:25:02" 
"2078" ,"613" ,"NOMAL" ,"2023/05/08 07:25:33" 
"2079" ,"614" ,"NOMAL" ,"2023/05/08 07:26:04" 
"2080" ,"613" ,"NOMAL" ,"2023/05/08 07:26:35" 
"2081" ,"614" ,"NOMAL" ,"2023/05/08 07:27:06" 
"2082" ,"613" ,"NOMAL" ,"2023/05/08 07:27:37" 
"2083" ,"614" ,"NOMAL" ,"2023/05/08 07:28:08" 
"2084" ,"612" ,"NOMAL" ,"2023/05/08 07:28:39" 
"2085" ,"614" ,"NOMAL" ,"2023/05/08 07:29:10" 
"2086" ,"617" ,"NOMAL" ,"2023/05/08 07:29:41" 
"2087" ,"615" ,"NOMAL" ,"2023/05/08 07:30:12" 
"2088" ,"613" ,"NOMAL" ,"2023/05/08 07:30:43" 
"2089" ,"613" ,"NOMAL" ,"2023/05/08 07:31:14" 
"2090" ,"612" ,"NOMAL" ,"2023/05/08 07:31:45" 
"2091" ,"614" ,"NOMAL" ,"2023/05/08 07:32:16" 
"2092" ,"614" ,"NOMAL" ,"2023/05/08 07:32:47" 
"2093" ,"613" ,"NOMAL" ,"2023/05/08 07:33:18" 
"2094" ,"613" ,"NOMAL" ,"2023/05/08 07:33:49" 
"2095" ,"613" ,"NOMAL" ,"2023/05/08 07:34:20" 
"2096" ,"612" ,"NOMAL" ,"2023/05/08 07:34:51" 
"2097" ,"613" ,"NOMAL" ,"2023/05/08 07:35:22" 
"2098" ,"614" ,"NOMAL" ,"2023/05/08 07:35:53" 
"2099" ,"615" ,"NOMAL" ,"2023/05/08 07:36:24" 
"2100" ,"616" ,"NOMAL" ,"2023/05/08 07:36:55" 
"2101" ,"617" ,"NOMAL" ,"2023/05/08 07:37:26" 
"2102" ,"616" ,"NOMAL" ,"2023/05/08 07:37:57" 
"2103" ,"618" ,"NOMAL" ,"2023/05/08 07:38:28" 
"2104" ,"617" ,"NOMAL" ,"2023/05/08 07:38:59" 
"2105" ,"616" ,"NOMAL" ,"2023/05/08 07:39:30" 
"2106" ,"618" ,"NOMAL" ,"2023/05/08 07:40:01" 
"2107" ,"617" ,"NOMAL" ,"2023/05/08 07:40:32" 
"2108" ,"618" ,"NOMAL" ,"2023/05/08 07:41:03" 
"2109" ,"618" ,"NOMAL" ,"2023/05/08 07:41:34" 
"2110" ,"615" ,"NOMAL" ,"2023/05/08 07:42:05" 
"2111" ,"617" ,"NOMAL" ,"2023/05/08 07:42:36" 
"2112" ,"614" ,"NOMAL" ,"2023/05/08 07:43:07" 
"2113" ,"618" ,"NOMAL" ,"2023/05/08 07:43:38" 
"2114" ,"615" ,"NOMAL" ,"2023/05/08 07:44:09" 
"2115" ,"616" ,"NOMAL" ,"2023/05/08 07:44:40" 
"2116" ,"617" ,"NOMAL" ,"2023/05/08 07:45:11" 
"2117" ,"616" ,"NOMAL" ,"2023/05/08 07:45:42" 
"2118" ,"615" ,"NOMAL" ,"2023/05/08 07:46:13" 
"2119" ,"615" ,"NOMAL" ,"2023/05/08 07:46:44" 
"2120" ,"615" ,"NOMAL" ,"2023/05/08 07:47:15" 
"2121" ,"616" ,"NOMAL" ,"2023/05/08 07:47:46" 
"2122" ,"616" ,"NOMAL" ,"2023/05/08 07:48:17" 
"2123" ,"616" ,"NOMAL" ,"2023/05/08 07:48:48" 
"2124" ,"618" ,"NOMAL" ,"2023/05/08 07:49:19" 
"2125" ,"617" ,"NOMAL" ,"2023/05/08 07:49:50" 
"2126" ,"618" ,"NOMAL" ,"2023/05/08 07:50:21" 
"2127" ,"617" ,"NOMAL" ,"2023/05/08 07:50:52" 
"2128" ,"618" ,"NOMAL" ,"2023/05/08 07:51:23" 
"2129" ,"616" ,"NOMAL" ,"2023/05/08 07:51:54" 
"2130" ,"615" ,"NOMAL" ,"2023/05/08 07:52:25" 
"2131" ,"616" ,"NOMAL" ,"2023/05/08 07:52:56" 
"2132" ,"615" ,"NOMAL" ,"2023/05/08 07:53:27" 
"2133" ,"614" ,"NOMAL" ,"2023/05/08 07:53:58" 
"2134" ,"615" ,"NOMAL" ,"2023/05/08 07:54:29" 
"2135" ,"615" ,"NOMAL" ,"2023/05/08 07:55:00" 
"2136" ,"615" ,"NOMAL" ,"2023/05/08 07:55:31" 
"2137" ,"613" ,"NOMAL" ,"2023/05/08 07:56:02" 
"2138" ,"614" ,"NOMAL" ,"2023/05/08 07:56:33" 
"2139" ,"612" ,"NOMAL" ,"2023/05/08 07:57:04" 
"2140" ,"614" ,"NOMAL" ,"2023/05/08 07:57:35" 
"2141" ,"615" ,"NOMAL" ,"2023/05/08 07:58:06" 
"2142" ,"616" ,"NOMAL" ,"2023/05/08 07:58:37" 
"2143" ,"615" ,"NOMAL" ,"2023/05/08 07:59:08" 
"2144" ,"615" ,"NOMAL" ,"2023/05/08 07:59:39" 
"2145" ,"614" ,"NOMAL" ,"2023/05/08 08:00:10" 
"2146" ,"614" ,"NOMAL" ,"2023/05/08 08:00:41" 
"2147" ,"614" ,"NOMAL" ,"2023/05/08 08:01:12" 
"2148" ,"613" ,"NOMAL" ,"2023/05/08 08:01:43" 
"2149" ,"614" ,"NOMAL" ,"2023/05/08 08:02:14" 
"2150" ,"612" ,"NOMAL" ,"2023/05/08 08:02:45" 
"2151" ,"612" ,"NOMAL" ,"2023/05/08 08:03:16" 
"2152" ,"612" ,"NOMAL" ,"2023/05/08 08:03:47" 
"2153" ,"613" ,"NOMAL" ,"2023/05/08 08:04:18" 
"2154" ,"612" ,"NOMAL" ,"2023/05/08 08:04:49" 
"2155" ,"610" ,"NOMAL" ,"2023/05/08 08:05:20" 
"2156" ,"611" ,"NOMAL" ,"2023/05/08 08:05:51" 
"2157" ,"612" ,"NOMAL" ,"2023/05/08 08:06:22" 
"2158" ,"612" ,"NOMAL" ,"2023/05/08 08:06:53" 
"2159" ,"611" ,"NOMAL" ,"2023/05/08 08:07:24" 
"2160" ,"611" ,"NOMAL" ,"2023/05/08 08:07:55" 
"2161" ,"612" ,"NOMAL" ,"2023/05/08 08:08:26" 
"2162" ,"610" ,"NOMAL" ,"2023/05/08 08:08:57" 
"2163" ,"610" ,"NOMAL" ,"2023/05/08 08:09:28" 
"2164" ,"610" ,"NOMAL" ,"2023/05/08 08:09:59" 
"2165" ,"610" ,"NOMAL" ,"2023/05/08 08:10:30" 
"2166" ,"612" ,"NOMAL" ,"2023/05/08 08:11:01" 
"2167" ,"613" ,"NOMAL" ,"2023/05/08 08:11:32" 
"2168" ,"610" ,"NOMAL" ,"2023/05/08 08:12:03" 
"2169" ,"613" ,"NOMAL" ,"2023/05/08 08:12:34" 
"2170" ,"610" ,"NOMAL" ,"2023/05/08 08:13:05" 
"2171" ,"610" ,"NOMAL" ,"2023/05/08 08:13:36" 
"2172" ,"613" ,"NOMAL" ,"2023/05/08 08:14:07" 
"2173" ,"609" ,"NOMAL" ,"2023/05/08 08:14:38" 
"2174" ,"611" ,"NOMAL" ,"2023/05/08 08:15:09" 
"2175" ,"610" ,"NOMAL" ,"2023/05/08 08:15:40" 
"2176" ,"612" ,"NOMAL" ,"2023/05/08 08:16:11" 
"2177" ,"610" ,"NOMAL" ,"2023/05/08 08:16:42" 
"2178" ,"612" ,"NOMAL" ,"2023/05/08 08:17:13" 
"2179" ,"613" ,"NOMAL" ,"2023/05/08 08:17:44" 
"2180" ,"611" ,"NOMAL" ,"2023/05/08 08:18:15" 
"2181" ,"613" ,"NOMAL" ,"2023/05/08 08:18:46" 
"2182" ,"610" ,"NOMAL" ,"2023/05/08 08:19:17" 
"2183" ,"612" ,"NOMAL" ,"2023/05/08 08:19:48" 
"2184" ,"614" ,"NOMAL" ,"2023/05/08 08:20:19" 
"2185" ,"615" ,"NOMAL" ,"2023/05/08 08:20:50" 
"2186" ,"613" ,"NOMAL" ,"2023/05/08 08:21:21" 
"2187" ,"614" ,"NOMAL" ,"2023/05/08 08:21:52" 
"2188" ,"613" ,"NOMAL" ,"2023/05/08 08:22:23" 
"2189" ,"611" ,"NOMAL" ,"2023/05/08 08:22:54" 
"2190" ,"612" ,"NOMAL" ,"2023/05/08 08:23:25" 
"2191" ,"611" ,"NOMAL" ,"2023/05/08 08:23:56" 
"2192" ,"612" ,"NOMAL" ,"2023/05/08 08:24:27" 
"2193" ,"615" ,"NOMAL" ,"2023/05/08 08:24:58" 
"2194" ,"614" ,"NOMAL" ,"2023/05/08 08:25:29" 
"2195" ,"609" ,"NOMAL" ,"2023/05/08 08:26:00" 
"2196" ,"610" ,"NOMAL" ,"2023/05/08 08:26:31" 
"2197" ,"612" ,"NOMAL" ,"2023/05/08 08:27:02" 
"2198" ,"608" ,"NOMAL" ,"2023/05/08 08:27:33" 
"2199" ,"609" ,"NOMAL" ,"2023/05/08 08:28:04" 
"2200" ,"610" ,"NOMAL" ,"2023/05/08 08:28:35" 
"2201" ,"611" ,"NOMAL" ,"2023/05/08 08:29:06" 
"2202" ,"606" ,"NOMAL" ,"2023/05/08 08:29:37" 
"2203" ,"608" ,"NOMAL" ,"2023/05/08 08:30:08" 
"2204" ,"608" ,"NOMAL" ,"2023/05/08 08:30:39" 
"2205" ,"608" ,"NOMAL" ,"2023/05/08 08:31:10" 
"2206" ,"610" ,"NOMAL" ,"2023/05/08 08:31:41" 
"2207" ,"607" ,"NOMAL" ,"2023/05/08 08:32:12" 
"2208" ,"606" ,"NOMAL" ,"2023/05/08 08:32:43" 
"2209" ,"605" ,"NOMAL" ,"2023/05/08 08:33:14" 
"2210" ,"606" ,"NOMAL" ,"2023/05/08 08:33:45" 
"2211" ,"607" ,"NOMAL" ,"2023/05/08 08:34:16" 
"2212" ,"607" ,"NOMAL" ,"2023/05/08 08:34:47" 
"2213" ,"607" ,"NOMAL" ,"2023/05/08 08:35:18" 
"2214" ,"609" ,"NOMAL" ,"2023/05/08 08:35:49" 
"2215" ,"608" ,"NOMAL" ,"2023/05/08 08:36:20" 
"2216" ,"606" ,"NOMAL" ,"2023/05/08 08:36:51" 
"2217" ,"603" ,"NOMAL" ,"2023/05/08 08:37:22" 
"2218" ,"607" ,"NOMAL" ,"2023/05/08 08:37:53" 
"2219" ,"608" ,"NOMAL" ,"2023/05/08 08:38:24" 
"2220" ,"607" ,"NOMAL" ,"2023/05/08 08:38:55" 
"2221" ,"608" ,"NOMAL" ,"2023/05/08 08:39:26" 
"2222" ,"609" ,"NOMAL" ,"2023/05/08 08:39:57" 
"2223" ,"611" ,"NOMAL" ,"2023/05/08 08:40:28" 
"2224" ,"611" ,"NOMAL" ,"2023/05/08 08:40:59" 
"2225" ,"608" ,"NOMAL" ,"2023/05/08 08:41:30" 
"2226" ,"611" ,"NOMAL" ,"2023/05/08 08:42:01" 
"2227" ,"612" ,"NOMAL" ,"2023/05/08 08:42:32" 
"2228" ,"611" ,"NOMAL" ,"2023/05/08 08:43:03" 
"2229" ,"612" ,"NOMAL" ,"2023/05/08 08:43:34" 
"2230" ,"609" ,"NOMAL" ,"2023/05/08 08:44:05" 
"2231" ,"610" ,"NOMAL" ,"2023/05/08 08:44:36" 
"2232" ,"609" ,"NOMAL" ,"2023/05/08 08:45:07" 
"2233" ,"612" ,"NOMAL" ,"2023/05/08 08:45:38" 
"2234" ,"611" ,"NOMAL" ,"2023/05/08 08:46:09" 
"2235" ,"608" ,"NOMAL" ,"2023/05/08 08:46:40" 
"2236" ,"607" ,"NOMAL" ,"2023/05/08 08:47:11" 
"2237" ,"610" ,"NOMAL" ,"2023/05/08 08:47:42" 
"2238" ,"609" ,"NOMAL" ,"2023/05/08 08:48:13" 
"2239" ,"609" ,"NOMAL" ,"2023/05/08 08:48:44" 
"2240" ,"608" ,"NOMAL" ,"2023/05/08 08:49:15" 
"2241" ,"605" ,"NOMAL" ,"2023/05/08 08:49:46" 
"2242" ,"608" ,"NOMAL" ,"2023/05/08 08:50:17" 
"2243" ,"607" ,"NOMAL" ,"2023/05/08 08:50:48" 
"2244" ,"607" ,"NOMAL" ,"2023/05/08 08:51:19" 
"2245" ,"609" ,"NOMAL" ,"2023/05/08 08:51:50" 
"2246" ,"607" ,"NOMAL" ,"2023/05/08 08:52:21" 
"2247" ,"606" ,"NOMAL" ,"2023/05/08 08:52:52" 
"2248" ,"607" ,"NOMAL" ,"2023/05/08 08:53:23" 
"2249" ,"607" ,"NOMAL" ,"2023/05/08 08:53:54" 
"2250" ,"608" ,"NOMAL" ,"2023/05/08 08:54:25" 
"2251" ,"608" ,"NOMAL" ,"2023/05/08 08:54:56" 
"2252" ,"610" ,"NOMAL" ,"2023/05/08 08:55:27" 
"2253" ,"610" ,"NOMAL" ,"2023/05/08 08:55:58" 
"2254" ,"606" ,"NOMAL" ,"2023/05/08 08:56:29" 
"2255" ,"607" ,"NOMAL" ,"2023/05/08 08:57:00" 
"2256" ,"608" ,"NOMAL" ,"2023/05/08 08:57:31" 
"2257" ,"607" ,"NOMAL" ,"2023/05/08 08:58:02" 
"2258" ,"608" ,"NOMAL" ,"2023/05/08 08:58:33" 
"2259" ,"607" ,"NOMAL" ,"2023/05/08 08:59:04" 
"2260" ,"607" ,"NOMAL" ,"2023/05/08 08:59:35" 
"2261" ,"607" ,"NOMAL" ,"2023/05/08 09:00:06" 
"2262" ,"610" ,"NOMAL" ,"2023/05/08 09:00:37" 
"2263" ,"610" ,"NOMAL" ,"2023/05/08 09:01:08" 
"2264" ,"609" ,"NOMAL" ,"2023/05/08 09:01:39" 
"2265" ,"609" ,"NOMAL" ,"2023/05/08 09:02:11" 
"2266" ,"607" ,"NOMAL" ,"2023/05/08 09:02:42" 
"2267" ,"609" ,"NOMAL" ,"2023/05/08 09:03:13" 
"2268" ,"608" ,"NOMAL" ,"2023/05/08 09:03:44" 
"2269" ,"607" ,"NOMAL" ,"2023/05/08 09:04:15" 
"2270" ,"609" ,"NOMAL" ,"2023/05/08 09:04:46" 
"2271" ,"610" ,"NOMAL" ,"2023/05/08 09:05:17" 
"2272" ,"609" ,"NOMAL" ,"2023/05/08 09:05:48" 
"2273" ,"610" ,"NOMAL" ,"2023/05/08 09:06:19" 
"2274" ,"612" ,"NOMAL" ,"2023/05/08 09:06:50" 
"2275" ,"612" ,"NOMAL" ,"2023/05/08 09:07:21" 
"2276" ,"608" ,"NOMAL" ,"2023/05/08 09:07:52" 
"2277" ,"612" ,"NOMAL" ,"2023/05/08 09:08:23" 
"2278" ,"610" ,"NOMAL" ,"2023/05/08 09:08:54" 
"2279" ,"610" ,"NOMAL" ,"2023/05/08 09:09:25" 
"2280" ,"608" ,"NOMAL" ,"2023/05/08 09:09:56" 
"2281" ,"607" ,"NOMAL" ,"2023/05/08 09:10:27" 
"2282" ,"610" ,"NOMAL" ,"2023/05/08 09:10:58" 
"2283" ,"609" ,"NOMAL" ,"2023/05/08 09:11:29" 
"2284" ,"609" ,"NOMAL" ,"2023/05/08 09:12:00" 
"2285" ,"607" ,"NOMAL" ,"2023/05/08 09:12:31" 
"2286" ,"607" ,"NOMAL" ,"2023/05/08 09:13:02" 
"2287" ,"609" ,"NOMAL" ,"2023/05/08 09:13:33" 
"2288" ,"613" ,"NOMAL" ,"2023/05/08 09:14:04" 
"2289" ,"612" ,"NOMAL" ,"2023/05/08 09:14:35" 
"2290" ,"610" ,"NOMAL" ,"2023/05/08 09:15:06" 
"2291" ,"612" ,"NOMAL" ,"2023/05/08 09:15:37" 
"2292" ,"613" ,"NOMAL" ,"2023/05/08 09:16:08" 
"2293" ,"613" ,"NOMAL" ,"2023/05/08 09:16:39" 
"2294" ,"611" ,"NOMAL" ,"2023/05/08 09:17:10" 
"2295" ,"612" ,"NOMAL" ,"2023/05/08 09:17:41" 
"2296" ,"612" ,"NOMAL" ,"2023/05/08 09:18:12" 
"2297" ,"612" ,"NOMAL" ,"2023/05/08 09:18:43" 
"2298" ,"611" ,"NOMAL" ,"2023/05/08 09:19:14" 
"2299" ,"608" ,"NOMAL" ,"2023/05/08 09:19:45" 
"2300" ,"610" ,"NOMAL" ,"2023/05/08 09:20:16" 
"2301" ,"606" ,"NOMAL" ,"2023/05/08 09:20:47" 
"2302" ,"606" ,"NOMAL" ,"2023/05/08 09:21:18" 
"2303" ,"605" ,"NOMAL" ,"2023/05/08 09:21:49" 
"2304" ,"607" ,"NOMAL" ,"2023/05/08 09:22:20" 
"2305" ,"605" ,"NOMAL" ,"2023/05/08 09:22:51" 
"2306" ,"604" ,"NOMAL" ,"2023/05/08 09:23:22" 
"2307" ,"605" ,"NOMAL" ,"2023/05/08 09:23:53" 
"2308" ,"604" ,"NOMAL" ,"2023/05/08 09:24:24" 
"2309" ,"604" ,"NOMAL" ,"2023/05/08 09:24:55" 
"2310" ,"607" ,"NOMAL" ,"2023/05/08 09:25:26" 
"2311" ,"604" ,"NOMAL" ,"2023/05/08 09:25:57" 
"2312" ,"600" ,"NOMAL" ,"2023/05/08 09:26:28" 
"2313" ,"604" ,"NOMAL" ,"2023/05/08 09:26:59" 
"2314" ,"604" ,"NOMAL" ,"2023/05/08 09:27:30" 
"2315" ,"604" ,"NOMAL" ,"2023/05/08 09:28:01" 
"2316" ,"602" ,"NOMAL" ,"2023/05/08 09:28:32" 
"2317" ,"601" ,"NOMAL" ,"2023/05/08 09:29:03" 
"2318" ,"603" ,"NOMAL" ,"2023/05/08 09:29:34" 
"2319" ,"605" ,"NOMAL" ,"2023/05/08 09:30:05" 
"2320" ,"604" ,"NOMAL" ,"2023/05/08 09:30:36" 
"2321" ,"603" ,"NOMAL" ,"2023/05/08 09:31:07" 
"2322" ,"603" ,"NOMAL" ,"2023/05/08 09:31:38" 
"2323" ,"602" ,"NOMAL" ,"2023/05/08 09:32:09" 
"2324" ,"602" ,"NOMAL" ,"2023/05/08 09:32:40" 
"2325" ,"601" ,"NOMAL" ,"2023/05/08 09:33:11" 
"2326" ,"603" ,"NOMAL" ,"2023/05/08 09:33:42" 
"2327" ,"604" ,"NOMAL" ,"2023/05/08 09:34:13" 
"2328" ,"607" ,"NOMAL" ,"2023/05/08 09:34:44" 
"2329" ,"608" ,"NOMAL" ,"2023/05/08 09:35:15" 
"2330" ,"609" ,"NOMAL" ,"2023/05/08 09:35:46" 
"2331" ,"609" ,"NOMAL" ,"2023/05/08 09:36:17" 
"2332" ,"612" ,"NOMAL" ,"2023/05/08 09:36:48" 
"2333" ,"610" ,"NOMAL" ,"2023/05/08 09:37:19" 
"2334" ,"609" ,"NOMAL" ,"2023/05/08 09:37:50" 
"2335" ,"612" ,"NOMAL" ,"2023/05/08 09:38:21" 
"2336" ,"613" ,"NOMAL" ,"2023/05/08 09:38:52" 
"2337" ,"612" ,"NOMAL" ,"2023/05/08 09:39:23" 
"2338" ,"612" ,"NOMAL" ,"2023/05/08 09:39:54" 
"2339" ,"613" ,"NOMAL" ,"2023/05/08 09:40:25" 
"2340" ,"614" ,"NOMAL" ,"2023/05/08 09:40:56" 
"2341" ,"615" ,"NOMAL" ,"2023/05/08 09:41:27" 
"2342" ,"616" ,"NOMAL" ,"2023/05/08 09:41:58" 
"2343" ,"617" ,"NOMAL" ,"2023/05/08 09:42:29" 
"2344" ,"615" ,"NOMAL" ,"2023/05/08 09:43:00" 
"2345" ,"614" ,"NOMAL" ,"2023/05/08 09:43:31" 
"2346" ,"614" ,"NOMAL" ,"2023/05/08 09:44:02" 
"2347" ,"614" ,"NOMAL" ,"2023/05/08 09:44:33" 
"2348" ,"614" ,"NOMAL" ,"2023/05/08 09:45:04" 
"2349" ,"613" ,"NOMAL" ,"2023/05/08 09:45:35" 
"2350" ,"613" ,"NOMAL" ,"2023/05/08 09:46:06" 
"2351" ,"609" ,"NOMAL" ,"2023/05/08 09:46:37" 
"2352" ,"609" ,"NOMAL" ,"2023/05/08 09:47:08" 
"2353" ,"609" ,"NOMAL" ,"2023/05/08 09:47:39" 
"2354" ,"609" ,"NOMAL" ,"2023/05/08 09:48:10" 
"2355" ,"608" ,"NOMAL" ,"2023/05/08 09:48:41" 
"2356" ,"608" ,"NOMAL" ,"2023/05/08 09:49:12" 
"2357" ,"606" ,"NOMAL" ,"2023/05/08 09:49:43" 
"2358" ,"605" ,"NOMAL" ,"2023/05/08 09:50:14" 
"2359" ,"603" ,"NOMAL" ,"2023/05/08 09:50:45" 
"2360" ,"605" ,"NOMAL" ,"2023/05/08 09:51:16" 
"2361" ,"604" ,"NOMAL" ,"2023/05/08 09:51:47" 
"2362" ,"602" ,"NOMAL" ,"2023/05/08 09:52:18" 
"2363" ,"602" ,"NOMAL" ,"2023/05/08 09:52:49" 
"2364" ,"602" ,"NOMAL" ,"2023/05/08 09:53:20" 
"2365" ,"600" ,"NOMAL" ,"2023/05/08 09:53:51" 
"2366" ,"599" ,"NOMAL" ,"2023/05/08 09:54:22" 
"2367" ,"600" ,"NOMAL" ,"2023/05/08 09:54:53" 
"2368" ,"602" ,"NOMAL" ,"2023/05/08 09:55:24" 
"2369" ,"600" ,"NOMAL" ,"2023/05/08 09:55:55" 
"2370" ,"600" ,"NOMAL" ,"2023/05/08 09:56:26" 
"2371" ,"600" ,"NOMAL" ,"2023/05/08 09:56:57" 
"2372" ,"602" ,"NOMAL" ,"2023/05/08 09:57:28" 
"2373" ,"599" ,"NOMAL" ,"2023/05/08 09:57:59" 
"2374" ,"599" ,"NOMAL" ,"2023/05/08 09:58:30" 
"2375" ,"599" ,"NOMAL" ,"2023/05/08 09:59:01" 
"2376" ,"602" ,"NOMAL" ,"2023/05/08 09:59:32" 
"2377" ,"602" ,"NOMAL" ,"2023/05/08 10:00:03" 
"2378" ,"602" ,"NOMAL" ,"2023/05/08 10:00:34" 
"2379" ,"601" ,"NOMAL" ,"2023/05/08 10:01:05" 
"2380" ,"602" ,"NOMAL" ,"2023/05/08 10:01:36" 
"2381" ,"596" ,"NOMAL" ,"2023/05/08 10:02:07" 
"2382" ,"597" ,"NOMAL" ,"2023/05/08 10:02:38" 
"2383" ,"598" ,"NOMAL" ,"2023/05/08 10:03:09" 
"2384" ,"597" ,"NOMAL" ,"2023/05/08 10:03:40" 
"2385" ,"599" ,"NOMAL" ,"2023/05/08 10:04:11" 
"2386" ,"597" ,"NOMAL" ,"2023/05/08 10:04:42" 
"2387" ,"601" ,"NOMAL" ,"2023/05/08 10:05:13" 
"2388" ,"599" ,"NOMAL" ,"2023/05/08 10:05:44" 
"2389" ,"599" ,"NOMAL" ,"2023/05/08 10:06:15" 
"2390" ,"600" ,"NOMAL" ,"2023/05/08 10:06:46" 
"2391" ,"599" ,"NOMAL" ,"2023/05/08 10:07:17" 
"2392" ,"598" ,"NOMAL" ,"2023/05/08 10:07:48" 
"2393" ,"596" ,"NOMAL" ,"2023/05/08 10:08:19" 
"2394" ,"600" ,"NOMAL" ,"2023/05/08 10:08:50" 
"2395" ,"598" ,"NOMAL" ,"2023/05/08 10:09:21" 
"2396" ,"599" ,"NOMAL" ,"2023/05/08 10:09:52" 
"2397" ,"600" ,"NOMAL" ,"2023/05/08 10:10:23" 
"2398" ,"599" ,"NOMAL" ,"2023/05/08 10:10:54" 
"2399" ,"598" ,"NOMAL" ,"2023/05/08 10:11:25" 
"2400" ,"600" ,"NOMAL" ,"2023/05/08 10:11:56" 
"2401" ,"598" ,"NOMAL" ,"2023/05/08 10:12:27" 
"2402" ,"599" ,"NOMAL" ,"2023/05/08 10:12:58" 
"2403" ,"600" ,"NOMAL" ,"2023/05/08 10:13:29" 
"2404" ,"598" ,"NOMAL" ,"2023/05/08 10:14:00" 
"2405" ,"601" ,"NOMAL" ,"2023/05/08 10:14:31" 
"2406" ,"601" ,"NOMAL" ,"2023/05/08 10:15:02" 
"2407" ,"602" ,"NOMAL" ,"2023/05/08 10:15:33" 
"2408" ,"599" ,"NOMAL" ,"2023/05/08 10:16:04" 
"2409" ,"602" ,"NOMAL" ,"2023/05/08 10:16:35" 
"2410" ,"601" ,"NOMAL" ,"2023/05/08 10:17:06" 
"2411" ,"599" ,"NOMAL" ,"2023/05/08 10:17:37" 
"2412" ,"601" ,"NOMAL" ,"2023/05/08 10:18:08" 
"2413" ,"603" ,"NOMAL" ,"2023/05/08 10:18:39" 
"2414" ,"600" ,"NOMAL" ,"2023/05/08 10:19:10" 
"2415" ,"602" ,"NOMAL" ,"2023/05/08 10:19:41" 
"2416" ,"601" ,"NOMAL" ,"2023/05/08 10:20:12" 
"2417" ,"599" ,"NOMAL" ,"2023/05/08 10:20:43" 
"2418" ,"599" ,"NOMAL" ,"2023/05/08 10:21:14" 
"2419" ,"600" ,"NOMAL" ,"2023/05/08 10:21:45" 
"2420" ,"599" ,"NOMAL" ,"2023/05/08 10:22:16" 
"2421" ,"601" ,"NOMAL" ,"2023/05/08 10:22:47" 
"2422" ,"600" ,"NOMAL" ,"2023/05/08 10:23:18" 
"2423" ,"602" ,"NOMAL" ,"2023/05/08 10:23:49" 
"2424" ,"601" ,"NOMAL" ,"2023/05/08 10:24:20" 
"2425" ,"599" ,"NOMAL" ,"2023/05/08 10:24:51" 
"2426" ,"598" ,"NOMAL" ,"2023/05/08 10:25:22" 
"2427" ,"597" ,"NOMAL" ,"2023/05/08 10:25:53" 
"2428" ,"598" ,"NOMAL" ,"2023/05/08 10:26:24" 
"2429" ,"599" ,"NOMAL" ,"2023/05/08 10:26:55" 
"2430" ,"600" ,"NOMAL" ,"2023/05/08 10:27:26" 
"2431" ,"599" ,"NOMAL" ,"2023/05/08 10:27:57" 
"2432" ,"598" ,"NOMAL" ,"2023/05/08 10:28:28" 
"2433" ,"599" ,"NOMAL" ,"2023/05/08 10:28:59" 
"2434" ,"599" ,"NOMAL" ,"2023/05/08 10:29:30" 
"2435" ,"599" ,"NOMAL" ,"2023/05/08 10:30:01" 
"2436" ,"600" ,"NOMAL" ,"2023/05/08 10:30:32" 
"2437" ,"599" ,"NOMAL" ,"2023/05/08 10:31:03" 
"2438" ,"600" ,"NOMAL" ,"2023/05/08 10:31:34" 
"2439" ,"602" ,"NOMAL" ,"2023/05/08 10:32:05" 
"2440" ,"602" ,"NOMAL" ,"2023/05/08 10:32:36" 
"2441" ,"601" ,"NOMAL" ,"2023/05/08 10:33:07" 
"2442" ,"602" ,"NOMAL" ,"2023/05/08 10:33:38" 
"2443" ,"603" ,"NOMAL" ,"2023/05/08 10:34:09" 
"2444" ,"603" ,"NOMAL" ,"2023/05/08 10:34:40" 
"2445" ,"604" ,"NOMAL" ,"2023/05/08 10:35:11" 
"2446" ,"605" ,"NOMAL" ,"2023/05/08 10:35:42" 
"2447" ,"604" ,"NOMAL" ,"2023/05/08 10:36:13" 
"2448" ,"602" ,"NOMAL" ,"2023/05/08 10:36:44" 
"2449" ,"603" ,"NOMAL" ,"2023/05/08 10:37:15" 
"2450" ,"603" ,"NOMAL" ,"2023/05/08 10:37:46" 
"2451" ,"604" ,"NOMAL" ,"2023/05/08 10:38:17" 
"2452" ,"603" ,"NOMAL" ,"2023/05/08 10:38:48" 
"2453" ,"602" ,"NOMAL" ,"2023/05/08 10:39:19" 
"2454" ,"602" ,"NOMAL" ,"2023/05/08 10:39:50" 
"2455" ,"602" ,"NOMAL" ,"2023/05/08 10:40:21" 
"2456" ,"600" ,"NOMAL" ,"2023/05/08 10:40:52" 
"2457" ,"598" ,"NOMAL" ,"2023/05/08 10:41:23" 
"2458" ,"599" ,"NOMAL" ,"2023/05/08 10:41:54" 
"2459" ,"598" ,"NOMAL" ,"2023/05/08 10:42:25" 
"2460" ,"598" ,"NOMAL" ,"2023/05/08 10:42:56" 
"2461" ,"597" ,"NOMAL" ,"2023/05/08 10:43:27" 
"2462" ,"599" ,"NOMAL" ,"2023/05/08 10:43:58" 
"2463" ,"601" ,"NOMAL" ,"2023/05/08 10:44:29" 
"2464" ,"602" ,"NOMAL" ,"2023/05/08 10:45:00" 
"2465" ,"599" ,"NOMAL" ,"2023/05/08 10:45:31" 
"2466" ,"600" ,"NOMAL" ,"2023/05/08 10:46:02" 
"2467" ,"597" ,"NOMAL" ,"2023/05/08 10:46:33" 
"2468" ,"598" ,"NOMAL" ,"2023/05/08 10:47:04" 
"2469" ,"598" ,"NOMAL" ,"2023/05/08 10:47:35" 
"2470" ,"599" ,"NOMAL" ,"2023/05/08 10:48:06" 
"2471" ,"599" ,"NOMAL" ,"2023/05/08 10:48:37" 
"2472" ,"598" ,"NOMAL" ,"2023/05/08 10:49:08" 
"2473" ,"598" ,"NOMAL" ,"2023/05/08 10:49:39" 
"2474" ,"599" ,"NOMAL" ,"2023/05/08 10:50:10" 
"2475" ,"599" ,"NOMAL" ,"2023/05/08 10:50:41" 
"2476" ,"600" ,"NOMAL" ,"2023/05/08 10:51:12" 
"2477" ,"599" ,"NOMAL" ,"2023/05/08 10:51:43" 
"2478" ,"602" ,"NOMAL" ,"2023/05/08 10:52:14" 
"2479" ,"607" ,"NOMAL" ,"2023/05/08 10:52:45" 
"2480" ,"604" ,"NOMAL" ,"2023/05/08 10:53:16" 
"2481" ,"601" ,"NOMAL" ,"2023/05/08 10:53:47" 
"2482" ,"605" ,"NOMAL" ,"2023/05/08 10:54:18" 
,,,
